geocode,lstm_pred,actual
3300100,0.0,0.0
3300100,0.0,0.0
3300100,1.4786344,1.0
3300100,1.8743665,0.0
3300100,1.3260399,3.0
3300100,0.55342394,2.0
3300100,0.18358086,5.0
3300100,2.2871935,10.0
3300100,2.763524,2.0
3300100,4.084494,4.0
3300100,8.338211,4.0
3300100,4.4182982,3.0
3300100,4.0969043,3.0
3300100,4.9687343,4.0
3300100,4.2136583,2.0
3300100,2.3740964,6.0
3300100,4.0444,2.0
3300100,4.262402,1.0
3300100,5.951325,5.0
3300100,2.3583953,1.0
3300100,0.0,3.0
3300100,4.2631145,1.0
3300100,2.2597978,2.0
3300100,3.6454492,4.0
3300100,2.0358372,4.0
3300100,1.7104576,0.0
3300100,2.3919551,0.0
3300100,3.1950898,0.0
3300100,0.93436235,1.0
3300100,0.0,0.0
3300100,0.0,0.0
3300100,1.2610297,1.0
3300100,0.0,2.0
3300100,0.09314738,1.0
3300100,1.9894425,1.0
3300100,2.7825642,0.0
3300100,2.729156,0.0
3300100,2.3468034,0.0
3300100,2.7130406,0.0
3300100,0.56041676,0.0
3300100,0.5831552,0.0
3300100,2.0809717,0.0
3300100,1.3095887,0.0
3300100,1.1935675,2.0
3300100,0.0,0.0
3300100,0.10396872,2.0
3300100,1.1046546,0.0
3300100,1.4775934,1.0
3300159,0.25513008,0.0
3300159,0.0,0.0
3300159,1.2274065,1.0
3300159,2.681383,0.0
3300159,3.4332876,0.0
3300159,2.2332702,0.0
3300159,0.58478355,0.0
3300159,0.0,0.0
3300159,0.36674052,0.0
3300159,0.0,0.0
3300159,0.6030977,0.0
3300159,0.4857341,0.0
3300159,0.0,0.0
3300159,0.2529162,0.0
3300159,0.0,0.0
3300159,0.0,0.0
3300159,0.1173293,0.0
3300159,0.6563414,0.0
3300159,0.43999684,0.0
3300159,0.0,0.0
3300159,0.0,0.0
3300159,0.5496896,0.0
3300159,0.0,0.0
3300159,0.0,0.0
3300159,0.0,0.0
3300159,0.0,0.0
3300159,0.0,0.0
3300159,0.0,0.0
3300159,0.088098,0.0
3300159,0.0,0.0
3300159,0.0,0.0
3300159,0.0,0.0
3300159,0.0,0.0
3300159,0.0,0.0
3300159,0.0,0.0
3300159,0.5196638,0.0
3300159,1.0186507,0.0
3300159,0.78058124,0.0
3300159,1.4227213,0.0
3300159,0.43217537,0.0
3300159,0.4218403,0.0
3300159,0.30909294,0.0
3300159,0.60527563,0.0
3300159,0.8825347,0.0
3300159,0.0,0.0
3300159,0.0,0.0
3300159,0.0,1.0
3300159,0.0,0.0
3300209,1.541661,0.0
3300209,0.0,0.0
3300209,3.5184312,1.0
3300209,3.5881262,1.0
3300209,4.1489725,0.0
3300209,3.3207707,1.0
3300209,1.731459,1.0
3300209,0.5871918,0.0
3300209,1.5977402,0.0
3300209,0.6186148,0.0
3300209,0.6546677,0.0
3300209,0.4767252,1.0
3300209,0.3229886,1.0
3300209,0.15379395,0.0
3300209,0.0,0.0
3300209,0.0,1.0
3300209,0.47214323,0.0
3300209,0.92972136,0.0
3300209,1.0807543,0.0
3300209,0.0,1.0
3300209,0.0,1.0
3300209,0.8466299,0.0
3300209,0.57842517,0.0
3300209,0.45339084,0.0
3300209,0.23208767,0.0
3300209,0.0,0.0
3300209,0.0,0.0
3300209,0.0,0.0
3300209,0.0,0.0
3300209,0.0,0.0
3300209,0.0,0.0
3300209,0.0,0.0
3300209,0.0,0.0
3300209,0.0,0.0
3300209,0.0,0.0
3300209,0.0,0.0
3300209,0.47214323,0.0
3300209,0.10875185,0.0
3300209,1.0514716,0.0
3300209,0.0,0.0
3300209,0.0,0.0
3300209,1.2562791,0.0
3300209,0.6160396,0.0
3300209,0.62861425,0.0
3300209,0.0,0.0
3300209,0.0,0.0
3300209,0.0,1.0
3300209,0.0,1.0
3300225,0.0,1.0
3300225,0.0,0.0
3300225,0.0,0.0
3300225,0.3397163,0.0
3300225,0.6331251,0.0
3300225,0.0,0.0
3300225,0.0,0.0
3300225,0.0,0.0
3300225,0.17380743,0.0
3300225,0.0,0.0
3300225,0.887043,0.0
3300225,0.82174516,0.0
3300225,0.29123944,0.0
3300225,0.81175596,0.0
3300225,0.0,0.0
3300225,0.0,0.0
3300225,0.36794764,0.0
3300225,1.3046507,0.0
3300225,0.80870473,0.0
3300225,0.0,0.0
3300225,0.0,0.0
3300225,0.246735,0.0
3300225,0.0,0.0
3300225,0.0015427251,0.0
3300225,0.0,0.0
3300225,0.0,0.0
3300225,0.0,0.0
3300225,0.0,0.0
3300225,0.0,0.0
3300225,0.0,0.0
3300225,0.0,0.0
3300225,0.0,0.0
3300225,0.0,0.0
3300225,0.0,0.0
3300225,0.05030722,0.0
3300225,0.33401796,0.0
3300225,0.9871746,0.0
3300225,1.0951551,0.0
3300225,1.9162341,0.0
3300225,0.20170318,0.0
3300225,0.0,0.0
3300225,1.2169293,0.0
3300225,1.3135406,0.0
3300225,1.1842188,0.0
3300225,0.0,0.0
3300225,0.0,0.0
3300225,0.0,0.0
3300225,0.0,0.0
3300233,2.127072,0.0
3300233,0.0,1.0
3300233,2.5794313,0.0
3300233,3.3654163,1.0
3300233,4.736,3.0
3300233,3.124936,0.0
3300233,1.3604559,6.0
3300233,1.9333017,6.0
3300233,1.5931009,6.0
3300233,2.363073,3.0
3300233,3.2690105,2.0
3300233,3.1377573,2.0
3300233,1.6279585,5.0
3300233,1.3174975,8.0
3300233,0.0,0.0
3300233,0.0,1.0
3300233,2.8783605,2.0
3300233,2.5365844,1.0
3300233,0.22002411,3.0
3300233,0.0,0.0
3300233,0.0,2.0
3300233,1.3373612,2.0
3300233,0.0,1.0
3300233,0.0,2.0
3300233,0.15337017,1.0
3300233,0.0,1.0
3300233,0.0,0.0
3300233,0.0,0.0
3300233,0.0,0.0
3300233,0.0,1.0
3300233,0.0,0.0
3300233,0.0,0.0
3300233,0.0,2.0
3300233,0.0,1.0
3300233,0.0,1.0
3300233,0.8531407,2.0
3300233,1.2560095,0.0
3300233,0.426513,0.0
3300233,2.0551343,0.0
3300233,0.0,0.0
3300233,0.0,0.0
3300233,0.04805392,0.0
3300233,0.0,1.0
3300233,0.20034024,0.0
3300233,0.0,0.0
3300233,0.0,1.0
3300233,0.0,0.0
3300233,0.0,1.0
3300258,3.7700744,0.0
3300258,0.0,0.0
3300258,2.7648683,0.0
3300258,3.8610284,0.0
3300258,5.0447454,0.0
3300258,3.9411063,0.0
3300258,1.8050158,0.0
3300258,1.349602,0.0
3300258,1.6153685,0.0
3300258,0.46330723,0.0
3300258,0.48894283,0.0
3300258,0.47345224,0.0
3300258,0.14504014,0.0
3300258,0.004249771,0.0
3300258,0.0,0.0
3300258,0.0,0.0
3300258,0.0,1.0
3300258,0.4719232,1.0
3300258,0.23763447,2.0
3300258,0.0,1.0
3300258,0.0,1.0
3300258,1.3860657,0.0
3300258,0.0606029,1.0
3300258,0.0,0.0
3300258,0.0,0.0
3300258,0.0,0.0
3300258,0.0,0.0
3300258,0.0,0.0
3300258,0.0,0.0
3300258,0.0,0.0
3300258,0.0,0.0
3300258,0.0,0.0
3300258,0.0,0.0
3300258,0.0,0.0
3300258,0.0,0.0
3300258,0.0,0.0
3300258,0.26561925,0.0
3300258,0.055301815,0.0
3300258,0.801474,0.0
3300258,0.0,0.0
3300258,0.0,0.0
3300258,0.7615994,1.0
3300258,0.3949205,0.0
3300258,0.31742468,0.0
3300258,0.0,0.0
3300258,0.0,0.0
3300258,0.0,0.0
3300258,0.0,0.0
3300308,0.0,1.0
3300308,1.11914,8.0
3300308,1.4001386,14.0
3300308,1.6642888,17.0
3300308,6.487536,53.0
3300308,10.7547865,47.0
3300308,11.926614,37.0
3300308,32.009254,55.0
3300308,33.7256,37.0
3300308,26.317316,38.0
3300308,30.301731,33.0
3300308,23.30041,27.0
3300308,21.649006,28.0
3300308,19.932228,18.0
3300308,12.959781,13.0
3300308,12.933114,16.0
3300308,10.610657,14.0
3300308,8.560274,6.0
3300308,8.92894,3.0
3300308,6.8112454,2.0
3300308,1.8181983,0.0
3300308,2.0551445,2.0
3300308,1.0621021,1.0
3300308,0.068566516,0.0
3300308,0.87474227,0.0
3300308,0.0,0.0
3300308,0.0,1.0
3300308,0.0,0.0
3300308,0.0,0.0
3300308,0.0,0.0
3300308,0.0,1.0
3300308,0.0,1.0
3300308,0.0,2.0
3300308,0.0,1.0
3300308,0.94191676,0.0
3300308,2.1105387,0.0
3300308,2.4708755,0.0
3300308,1.3056437,0.0
3300308,1.9165423,0.0
3300308,0.0,0.0
3300308,0.0,0.0
3300308,1.1615487,0.0
3300308,1.2840765,0.0
3300308,0.72154504,1.0
3300308,0.0,0.0
3300308,0.0,0.0
3300308,0.0,1.0
3300308,0.6255228,0.0
3300407,0.0,6.0
3300407,1.3343896,3.0
3300407,0.0,4.0
3300407,4.055969,25.0
3300407,3.6120203,49.0
3300407,3.1001027,24.0
3300407,15.905523,81.0
3300407,32.51841,114.0
3300407,21.01185,80.0
3300407,50.14853,63.0
3300407,69.89645,59.00000000000001
3300407,53.88753,50.0
3300407,38.42331,32.0
3300407,34.128593,25.0
3300407,24.114986,22.0
3300407,16.24593,25.0
3300407,12.89852,17.0
3300407,12.585373,7.0
3300407,13.9596,10.0
3300407,8.630682,3.0
3300407,1.895428,6.0
3300407,4.7750535,5.0
3300407,1.7762562,2.0
3300407,2.5084634,3.0
3300407,2.7764215,1.0
3300407,0.20236838,3.0
3300407,0.29036364,5.0
3300407,0.0,6.0
3300407,1.1396055,0.0
3300407,2.6774952,4.0
3300407,3.4813151,3.0
3300407,0.49051726,1.0
3300407,1.5209823,4.0
3300407,2.3099809,2.0
3300407,1.5416387,3.0
3300407,3.46033,5.0
3300407,3.7760663,4.0
3300407,4.0228615,4.0
3300407,6.844634,3.0
3300407,4.6969004,2.0
3300407,3.8709106,1.0
3300407,4.880815,0.0
3300407,3.6440322,3.0
3300407,1.8905377,3.0
3300407,0.0,1.0
3300407,1.8142267,0.0
3300407,2.2086987,3.0
3300407,1.8892639,2.0
3300456,3.0615876,1.0
3300456,0.8258177,0.0
3300456,2.308779,0.0
3300456,4.312397,1.0
3300456,4.7368946,1.0
3300456,3.4115415,1.0
3300456,2.8118203,1.0
3300456,2.3768163,2.0
3300456,2.7732882,0.0
3300456,1.8856099,2.0
3300456,3.0047345,1.0
3300456,1.7425988,1.0
3300456,1.5700241,2.0
3300456,2.227167,3.0
3300456,0.0,6.0
3300456,0.1465666,1.0
3300456,1.8227777,2.0
3300456,4.5423026,2.0
3300456,1.7927519,1.0
3300456,0.142649,2.0
3300456,0.017970778,1.0
3300456,1.0685444,2.0
3300456,0.7886142,4.0
3300456,0.71886456,2.0
3300456,1.592023,4.0
3300456,1.6046251,5.0
3300456,0.4987668,1.0
3300456,2.6554725,2.0
3300456,4.6804047,3.0
3300456,1.6092824,2.0
3300456,0.49504098,1.0
3300456,2.0701342,3.0
3300456,2.7195787,2.0
3300456,2.3385582,5.0
3300456,3.4929068,5.0
3300456,3.4365537,7.0
3300456,6.402093,1.0
3300456,7.9498997,1.0
3300456,10.0777445,1.0
3300456,3.9133363,1.0
3300456,0.8730001,3.0
3300456,2.1272545,3.0
3300456,2.8105464,4.0
3300456,4.642352,0.0
3300456,2.7156475,0.0
3300456,3.7995617,0.0
3300456,0.48745236,1.0
3300456,0.40307334,6.0
3300506,0.0,0.0
3300506,0.0,0.0
3300506,0.0,0.0
3300506,0.82151055,0.0
3300506,1.5977427,0.0
3300506,0.025964355,0.0
3300506,0.0,0.0
3300506,0.0,0.0
3300506,0.30414116,0.0
3300506,0.0,0.0
3300506,0.6602316,0.0
3300506,0.52297866,0.0
3300506,0.0,0.0
3300506,0.25213027,0.0
3300506,0.0,0.0
3300506,0.0,0.0
3300506,0.061085753,0.0
3300506,1.2046132,0.0
3300506,0.30030575,0.0
3300506,0.0,0.0
3300506,0.0,0.0
3300506,0.23798034,0.0
3300506,0.0,0.0
3300506,0.0,0.0
3300506,0.0,0.0
3300506,0.0,0.0
3300506,0.0,0.0
3300506,0.0,0.0
3300506,0.0,0.0
3300506,0.0,0.0
3300506,0.0,0.0
3300506,0.0,0.0
3300506,0.0,0.0
3300506,0.0,0.0
3300506,0.0,0.0
3300506,0.0,0.0
3300506,0.0,0.0
3300506,0.0,0.0
3300506,0.22036484,0.0
3300506,0.0,0.0
3300506,0.0,0.0
3300506,0.15460126,0.0
3300506,0.0,0.0
3300506,0.2947444,0.0
3300506,0.0,0.0
3300506,0.0,0.0
3300506,0.0,0.0
3300506,0.0,0.0
3300605,0.30457863,0.0
3300605,0.0,1.0
3300605,1.5523196,1.0
3300605,2.9101644,2.0
3300605,4.121469,1.0
3300605,2.9813933,1.0
3300605,1.5685654,1.0
3300605,0.0,0.0
3300605,0.6111786,0.0
3300605,0.18899581,1.0
3300605,0.9186004,0.0
3300605,0.6686138,0.0
3300605,0.38434145,0.0
3300605,0.6285783,0.0
3300605,0.0,0.0
3300605,0.0,0.0
3300605,0.4257365,1.0
3300605,0.9807614,0.0
3300605,0.75617075,0.0
3300605,0.0,1.0
3300605,0.0,0.0
3300605,0.8689318,0.0
3300605,0.34846666,0.0
3300605,0.0,0.0
3300605,0.0,0.0
3300605,0.0,0.0
3300605,0.0,0.0
3300605,0.0,0.0
3300605,0.0,0.0
3300605,0.0,0.0
3300605,0.0,2.0
3300605,0.0,0.0
3300605,0.0,2.0
3300605,0.0,0.0
3300605,0.0,0.0
3300605,1.3571795,1.0
3300605,1.1658884,1.0
3300605,0.051222414,0.0
3300605,1.5365329,0.0
3300605,0.8911703,1.0
3300605,0.33185798,0.0
3300605,0.20055683,0.0
3300605,1.3431802,0.0
3300605,1.0791123,0.0
3300605,0.0,0.0
3300605,0.0,0.0
3300605,0.0,0.0
3300605,0.0,0.0
3300704,1.8289417,0.0
3300704,0.0,0.0
3300704,4.305192,2.0
3300704,4.094628,0.0
3300704,4.563726,1.0
3300704,4.451376,4.0
3300704,1.532218,2.0
3300704,1.3154489,0.0
3300704,3.828204,1.0
3300704,1.8662137,0.0
3300704,0.66371685,3.0
3300704,0.94473594,1.0
3300704,0.4077169,2.0
3300704,1.7116809,8.0
3300704,0.15186083,2.0
3300704,0.23458925,4.0
3300704,4.453239,4.0
3300704,2.7812192,2.0
3300704,2.6401858,4.0
3300704,1.0999674,2.0
3300704,0.0,3.0
3300704,2.960744,4.0
3300704,1.1568135,1.0
3300704,0.856227,2.0
3300704,2.2600417,2.0
3300704,0.20448129,1.0
3300704,0.3642535,1.0
3300704,0.8165031,4.0
3300704,0.55101055,1.0
3300704,0.0,4.0
3300704,1.5925161,1.0
3300704,0.67662024,2.0
3300704,2.009973,1.0
3300704,0.85466546,0.0
3300704,1.6292539,0.0
3300704,1.0899404,2.0
3300704,0.89506054,2.0
3300704,0.1799552,0.0
3300704,2.7408721,2.0
3300704,1.624624,2.0
3300704,0.0,0.0
3300704,2.9669285,2.0
3300704,3.0735598,2.0
3300704,1.3285851,0.0
3300704,0.0,1.0
3300704,1.1802369,2.0
3300704,0.0,4.0
3300704,0.81390053,6.0
3300803,0.0,0.0
3300803,0.0,0.0
3300803,0.0,0.0
3300803,0.73075604,0.0
3300803,1.3992132,0.0
3300803,0.0,0.0
3300803,0.0,0.0
3300803,0.0,0.0
3300803,0.0,0.0
3300803,0.0,0.0
3300803,1.1925256,0.0
3300803,0.97857827,0.0
3300803,0.41581407,0.0
3300803,0.7247837,0.0
3300803,0.0,0.0
3300803,0.0,1.0
3300803,0.6536985,0.0
3300803,1.5695876,0.0
3300803,1.4056238,0.0
3300803,0.0,0.0
3300803,0.0,0.0
3300803,0.38863745,0.0
3300803,0.025752895,0.0
3300803,0.38261038,0.0
3300803,0.0,0.0
3300803,0.0,0.0
3300803,0.0,0.0
3300803,0.0,0.0
3300803,0.0,0.0
3300803,0.0,0.0
3300803,0.0,0.0
3300803,0.0,0.0
3300803,0.0,0.0
3300803,0.0,0.0
3300803,0.0,0.0
3300803,0.0,0.0
3300803,0.3590637,0.0
3300803,0.010185239,0.0
3300803,1.1435009,0.0
3300803,0.0,0.0
3300803,0.0,0.0
3300803,0.8087244,0.0
3300803,0.73887885,0.0
3300803,0.71434593,0.0
3300803,0.0,0.0
3300803,0.0,0.0
3300803,0.0,0.0
3300803,0.0,0.0
3300902,0.2869811,0.0
3300902,0.0,0.0
3300902,1.6710984,0.0
3300902,2.916264,0.0
3300902,3.484809,0.0
3300902,1.8469245,0.0
3300902,0.16956279,0.0
3300902,0.0,0.0
3300902,0.07240363,0.0
3300902,0.0,0.0
3300902,0.41063198,0.0
3300902,0.3594909,0.0
3300902,0.0,0.0
3300902,0.20349589,0.0
3300902,0.0,0.0
3300902,0.0,0.0
3300902,0.23531267,0.0
3300902,0.7864063,0.0
3300902,0.5533229,0.0
3300902,0.0,0.0
3300902,0.0,0.0
3300902,0.62167543,0.0
3300902,0.0,0.0
3300902,0.0,0.0
3300902,0.0,0.0
3300902,0.0,0.0
3300902,0.0,0.0
3300902,0.0,0.0
3300902,0.0,0.0
3300902,0.0,0.0
3300902,0.0,0.0
3300902,0.0,0.0
3300902,0.0,0.0
3300902,0.0,0.0
3300902,0.0,0.0
3300902,0.0,0.0
3300902,0.39271516,0.0
3300902,0.0,0.0
3300902,0.7583804,0.0
3300902,0.0,0.0
3300902,0.0779958,0.0
3300902,0.15300204,0.0
3300902,0.46984798,0.0
3300902,0.7654074,0.0
3300902,0.0,0.0
3300902,0.0,0.0
3300902,0.0,0.0
3300902,0.0,0.0
3300936,1.6472204,0.0
3300936,0.0,0.0
3300936,2.8606892,0.0
3300936,3.8513482,0.0
3300936,4.622786,0.0
3300936,3.3183358,0.0
3300936,1.1017977,0.0
3300936,0.0,0.0
3300936,0.54895073,0.0
3300936,0.0,0.0
3300936,0.5772232,0.0
3300936,0.5216714,0.0
3300936,0.0,0.0
3300936,0.19809978,0.0
3300936,0.0,0.0
3300936,0.0,0.0
3300936,0.15760195,0.0
3300936,0.7449676,0.0
3300936,0.5460194,0.0
3300936,0.0,0.0
3300936,0.0,0.0
3300936,0.74850166,0.0
3300936,0.0,0.0
3300936,0.0,0.0
3300936,0.0,0.0
3300936,0.0,0.0
3300936,0.0,0.0
3300936,0.0,0.0
3300936,0.0,0.0
3300936,0.0,0.0
3300936,0.0,0.0
3300936,0.0,0.0
3300936,0.0,0.0
3300936,0.0,0.0
3300936,0.0,0.0
3300936,0.0,0.0
3300936,0.013993253,0.0
3300936,0.0,0.0
3300936,0.28086245,0.0
3300936,0.0,0.0
3300936,0.0,0.0
3300936,0.0,0.0
3300936,0.29275906,0.0
3300936,0.72098255,0.0
3300936,0.0,0.0
3300936,0.0,0.0
3300936,0.0,0.0
3300936,0.0,0.0
3300951,0.0,0.0
3300951,0.0,0.0
3300951,0.0,0.0
3300951,0.0,0.0
3300951,0.0,0.0
3300951,0.0,0.0
3300951,0.0,0.0
3300951,0.0,0.0
3300951,0.20519786,0.0
3300951,0.0,0.0
3300951,0.7544559,0.0
3300951,0.7270191,0.0
3300951,0.24729148,0.0
3300951,0.8025852,0.0
3300951,0.0,0.0
3300951,0.0,0.0
3300951,0.2938506,0.0
3300951,1.2323617,0.0
3300951,0.74585366,0.0
3300951,0.0,0.0
3300951,0.0,0.0
3300951,0.20065016,0.0
3300951,0.0,0.0
3300951,0.10372387,0.0
3300951,0.0,0.0
3300951,0.0,0.0
3300951,0.0,0.0
3300951,0.0,0.0
3300951,0.0,0.0
3300951,0.0,0.0
3300951,0.0,0.0
3300951,0.0,0.0
3300951,0.0,0.0
3300951,0.0,0.0
3300951,0.0,0.0
3300951,0.14629692,0.0
3300951,0.828767,0.0
3300951,0.86078584,0.0
3300951,1.6764269,0.0
3300951,0.0,0.0
3300951,0.0,0.0
3300951,0.97274554,0.0
3300951,1.1320521,0.0
3300951,1.02677,0.0
3300951,0.0,0.0
3300951,0.0,0.0
3300951,0.0,0.0
3300951,0.0,0.0
3301009,2.4056427,0.0
3301009,0.45892563,0.0
3301009,3.7977047,0.0
3301009,4.755023,0.0
3301009,5.5009556,0.0
3301009,4.501311,0.0
3301009,1.8440291,0.0
3301009,0.08590462,0.0
3301009,0.91822964,1.0
3301009,0.4056408,0.0
3301009,1.7144881,0.0
3301009,2.0806396,2.0
3301009,0.71937394,1.0
3301009,1.0536436,6.0
3301009,0.97991127,2.0
3301009,0.22691073,1.0
3301009,4.181205,5.0
3301009,3.155657,3.0
3301009,1.8826572,5.0
3301009,1.9393939,2.0
3301009,1.3914782,1.0
3301009,4.4140825,0.0
3301009,2.0143213,1.0
3301009,0.0,4.0
3301009,0.0,2.0
3301009,0.40854478,1.0
3301009,2.7480352,4.0
3301009,2.2905257,5.0
3301009,1.6229451,1.0
3301009,2.7735682,3.0
3301009,3.9625452,5.0
3301009,1.9377227,2.0
3301009,0.47040445,2.0
3301009,1.5074719,1.0
3301009,2.2055166,2.0
3301009,1.9581599,2.0
3301009,2.3348246,1.0
3301009,2.3081138,3.0
3301009,3.478787,0.0
3301009,1.7806078,0.0
3301009,3.293684,2.0
3301009,1.8085515,2.0
3301009,1.1388617,1.0
3301009,3.1073036,2.0
3301009,1.5995629,1.0
3301009,1.2455134,1.0
3301009,1.7567462,0.0
3301009,2.0042124,2.0
3301108,0.0,0.0
3301108,0.0,0.0
3301108,0.21820486,0.0
3301108,1.2695456,0.0
3301108,2.0181627,0.0
3301108,0.4637259,0.0
3301108,0.0,0.0
3301108,0.0,0.0
3301108,0.31118616,0.0
3301108,0.0,0.0
3301108,0.48761502,0.0
3301108,0.43223444,0.0
3301108,0.0,0.0
3301108,0.26092857,0.0
3301108,0.0,0.0
3301108,0.0,0.0
3301108,0.0034766963,0.0
3301108,1.148963,0.0
3301108,0.26398322,0.0
3301108,0.0,0.0
3301108,0.0,0.0
3301108,0.2355464,0.0
3301108,0.0,0.0
3301108,0.0,0.0
3301108,0.0,0.0
3301108,0.0,0.0
3301108,0.0,0.0
3301108,0.0,0.0
3301108,0.0,0.0
3301108,0.0,0.0
3301108,0.0,0.0
3301108,0.0,0.0
3301108,0.0,0.0
3301108,0.0,0.0
3301108,0.0,0.0
3301108,0.0,0.0
3301108,0.4415079,0.0
3301108,0.0,0.0
3301108,0.8063718,0.0
3301108,0.0,0.0
3301108,0.0,0.0
3301108,0.43843958,0.0
3301108,0.17453597,0.0
3301108,0.46547922,0.0
3301108,0.0,0.0
3301108,0.0,0.0
3301108,0.0,0.0
3301108,0.0,0.0
3301157,1.0046462,0.0
3301157,0.4504021,0.0
3301157,2.307535,2.0
3301157,3.5829732,0.0
3301157,4.292962,0.0
3301157,3.5960958,0.0
3301157,1.1076818,0.0
3301157,0.0,1.0
3301157,0.22926334,0.0
3301157,0.0,0.0
3301157,0.9675797,0.0
3301157,0.8690508,1.0
3301157,0.0,0.0
3301157,0.40417174,0.0
3301157,0.0,1.0
3301157,0.0,0.0
3301157,0.34944865,1.0
3301157,0.7890962,0.0
3301157,0.9612239,1.0
3301157,0.0,0.0
3301157,0.0,0.0
3301157,0.8541612,0.0
3301157,0.28263032,0.0
3301157,0.0,0.0
3301157,0.0,0.0
3301157,0.0,0.0
3301157,0.0,0.0
3301157,0.0,0.0
3301157,0.021110164,0.0
3301157,0.0,1.0
3301157,0.0,0.0
3301157,0.0,0.0
3301157,0.0,0.0
3301157,0.0,0.0
3301157,0.0,1.0
3301157,0.0,0.0
3301157,0.4336907,0.0
3301157,0.43341672,0.0
3301157,0.6637879,0.0
3301157,0.0,0.0
3301157,0.0,0.0
3301157,0.042293955,0.0
3301157,0.4011445,0.0
3301157,0.7134017,0.0
3301157,0.0,0.0
3301157,0.0,0.0
3301157,0.0,0.0
3301157,0.0,0.0
3301207,0.0,0.0
3301207,0.0,0.0
3301207,0.0,0.0
3301207,1.1404351,0.0
3301207,1.7942903,0.0
3301207,0.50205857,0.0
3301207,0.0,0.0
3301207,0.0,0.0
3301207,0.39570814,0.0
3301207,0.0,0.0
3301207,0.47408748,0.0
3301207,0.41833705,0.0
3301207,0.0,0.0
3301207,0.30682594,0.0
3301207,0.0,0.0
3301207,0.0,0.0
3301207,0.029289518,0.0
3301207,1.1771045,0.0
3301207,0.30521986,0.0
3301207,0.0,0.0
3301207,0.0,0.0
3301207,0.26807117,0.0
3301207,0.0,0.0
3301207,0.0,0.0
3301207,0.0,0.0
3301207,0.0,0.0
3301207,0.0,0.0
3301207,0.0,0.0
3301207,0.0,0.0
3301207,0.0,0.0
3301207,0.0,0.0
3301207,0.0,0.0
3301207,0.0,0.0
3301207,0.0,0.0
3301207,0.0,0.0
3301207,0.12668154,0.0
3301207,0.6470371,0.0
3301207,0.22760761,0.0
3301207,1.1057761,0.0
3301207,0.0,0.0
3301207,0.0,0.0
3301207,0.72855324,0.0
3301207,0.5246327,0.0
3301207,0.83246547,0.0
3301207,0.0,0.0
3301207,0.0,0.0
3301207,0.0,0.0
3301207,0.0,0.0
3301306,0.0,0.0
3301306,0.0,1.0
3301306,1.1935333,0.0
3301306,2.1329622,0.0
3301306,3.4592743,2.0
3301306,1.389057,0.0
3301306,0.033705376,0.0
3301306,0.49551612,0.0
3301306,0.87415326,0.0
3301306,0.0,0.0
3301306,0.6503982,0.0
3301306,0.56022495,0.0
3301306,0.03308897,0.0
3301306,0.4211845,0.0
3301306,0.0,0.0
3301306,0.0,0.0
3301306,0.33246326,0.0
3301306,1.4756278,0.0
3301306,0.5351578,0.0
3301306,0.0,0.0
3301306,0.0,0.0
3301306,0.44579276,0.0
3301306,0.25120053,0.0
3301306,0.0,0.0
3301306,0.0,0.0
3301306,0.0,0.0
3301306,0.0,0.0
3301306,0.0,0.0
3301306,0.0,1.0
3301306,0.0,1.0
3301306,0.0,1.0
3301306,0.0,0.0
3301306,0.0,0.0
3301306,0.0,0.0
3301306,0.0,0.0
3301306,0.0,0.0
3301306,0.0,0.0
3301306,0.0,0.0
3301306,0.023007322,0.0
3301306,0.0,0.0
3301306,0.0,0.0
3301306,0.12357725,0.0
3301306,0.0,0.0
3301306,0.15027444,0.0
3301306,0.0,0.0
3301306,0.0,0.0
3301306,0.0,0.0
3301306,0.0,1.0
3301405,0.4149939,0.0
3301405,0.0,0.0
3301405,1.9941965,0.0
3301405,2.8817925,0.0
3301405,3.616794,0.0
3301405,1.9628831,0.0
3301405,0.3455182,0.0
3301405,0.0,0.0
3301405,0.10061359,0.0
3301405,0.0,0.0
3301405,0.521043,0.0
3301405,0.41529527,0.0
3301405,0.0,0.0
3301405,0.19435169,0.0
3301405,0.0,0.0
3301405,0.0,0.0
3301405,0.44677302,0.0
3301405,1.013674,0.0
3301405,0.7487842,0.0
3301405,0.0,0.0
3301405,0.0,0.0
3301405,0.84554607,0.0
3301405,0.25204378,0.0
3301405,0.0,0.0
3301405,0.0,0.0
3301405,0.0,0.0
3301405,0.0,0.0
3301405,0.0,0.0
3301405,0.0,0.0
3301405,0.0,0.0
3301405,0.0,0.0
3301405,0.0,0.0
3301405,0.0,0.0
3301405,0.0,0.0
3301405,0.0,0.0
3301405,0.0,0.0
3301405,0.0,0.0
3301405,0.0,0.0
3301405,0.0,0.0
3301405,0.0,1.0
3301405,0.0,1.0
3301405,0.0,0.0
3301405,0.76726264,0.0
3301405,1.3854896,0.0
3301405,0.0,0.0
3301405,0.0,0.0
3301405,0.0,0.0
3301405,0.0,0.0
3301504,0.0,1.0
3301504,0.0,0.0
3301504,0.18965161,0.0
3301504,1.6837903,0.0
3301504,2.1777363,0.0
3301504,0.48303306,0.0
3301504,0.0,0.0
3301504,0.0,0.0
3301504,0.43681636,0.0
3301504,0.0,0.0
3301504,0.6298882,0.0
3301504,0.52467465,0.0
3301504,0.0,0.0
3301504,0.31197035,0.0
3301504,0.0,0.0
3301504,0.0,0.0
3301504,0.06727463,0.0
3301504,1.2113637,0.0
3301504,0.3189049,0.0
3301504,0.0,0.0
3301504,0.0,0.0
3301504,0.27641407,0.0
3301504,0.0,0.0
3301504,0.0,0.0
3301504,0.0,0.0
3301504,0.0,0.0
3301504,0.0,0.0
3301504,0.0,0.0
3301504,0.0,0.0
3301504,0.0,0.0
3301504,0.0,0.0
3301504,0.0,0.0
3301504,0.0,1.0
3301504,0.0,0.0
3301504,0.0,0.0
3301504,0.34156123,0.0
3301504,0.493238,0.0
3301504,0.0,0.0
3301504,0.62227213,0.0
3301504,0.0,0.0
3301504,0.0,0.0
3301504,0.42325547,0.0
3301504,0.2565658,0.0
3301504,0.62098455,0.0
3301504,0.0,0.0
3301504,0.0,0.0
3301504,0.0,0.0
3301504,0.0,0.0
3301603,0.0,0.0
3301603,0.0,0.0
3301603,0.0,0.0
3301603,0.6767649,0.0
3301603,1.3910552,0.0
3301603,0.0,0.0
3301603,0.0,0.0
3301603,0.0,0.0
3301603,0.26237628,0.0
3301603,0.0,0.0
3301603,0.6008101,0.0
3301603,0.4624203,0.0
3301603,0.0,0.0
3301603,0.23845634,0.0
3301603,0.0,0.0
3301603,0.0,0.0
3301603,0.06277059,0.0
3301603,1.2102294,0.0
3301603,0.31130517,0.0
3301603,0.0,0.0
3301603,0.0,0.0
3301603,0.23832278,0.0
3301603,0.0,0.0
3301603,0.0,0.0
3301603,0.0,0.0
3301603,0.0,0.0
3301603,0.0,0.0
3301603,0.0,0.0
3301603,0.0,0.0
3301603,0.0,0.0
3301603,0.0,0.0
3301603,0.0,0.0
3301603,0.0,0.0
3301603,0.0,0.0
3301603,0.0,0.0
3301603,0.0,0.0
3301603,0.0,0.0
3301603,0.0,0.0
3301603,0.23328196,0.0
3301603,0.0,0.0
3301603,0.0,0.0
3301603,0.24437726,0.0
3301603,0.0,0.0
3301603,0.4020263,0.0
3301603,0.0,0.0
3301603,0.0,0.0
3301603,0.0,0.0
3301603,0.0,0.0
3301702,1.8670099,0.0
3301702,1.5726969,0.0
3301702,2.747757,0.0
3301702,3.298385,1.0
3301702,3.7421417,0.0
3301702,1.9476905,3.0
3301702,1.9212536,3.0
3301702,0.92706054,1.0
3301702,3.4319804,0.0
3301702,3.1518037,3.0
3301702,2.8567786,5.0
3301702,1.8691604,1.0
3301702,2.8064697,4.0
3301702,4.920147,6.0
3301702,1.4193149,4.0
3301702,1.7115183,6.0
3301702,4.6088624,2.0
3301702,4.813591,7.0
3301702,5.068235,6.0
3301702,1.4092263,1.0
3301702,2.6844728,2.0
3301702,4.858027,6.0
3301702,1.6330498,3.0
3301702,1.8672291,0.0
3301702,4.0108943,2.0
3301702,2.520372,1.0
3301702,0.0,5.0
3301702,0.7397555,3.0
3301702,0.9434706,1.0
3301702,3.1538174,2.0
3301702,2.5019345,4.0
3301702,1.2049907,1.0
3301702,1.2289621,0.0
3301702,3.3570392,0.0
3301702,2.8298895,0.0
3301702,1.0531086,0.0
3301702,1.2186613,1.0
3301702,1.1422887,0.0
3301702,2.1123803,1.0
3301702,1.2008506,0.0
3301702,0.3353869,1.0
3301702,2.3775852,0.0
3301702,1.8498738,1.0
3301702,2.4153366,0.0
3301702,0.0,0.0
3301702,0.81229955,0.0
3301702,0.0,0.0
3301702,0.80235493,0.0
3301801,0.0,0.0
3301801,0.0,0.0
3301801,0.0,0.0
3301801,0.41654605,0.0
3301801,1.0061855,0.0
3301801,0.0,0.0
3301801,0.0,0.0
3301801,0.0,1.0
3301801,0.1354379,0.0
3301801,0.0,0.0
3301801,1.2523229,0.0
3301801,1.1922578,0.0
3301801,0.51993775,0.0
3301801,1.1008209,0.0
3301801,0.018574342,0.0
3301801,0.0,0.0
3301801,0.53397125,0.0
3301801,1.6227413,0.0
3301801,1.2190233,0.0
3301801,0.0,0.0
3301801,0.0,0.0
3301801,0.31504467,0.0
3301801,0.25285625,0.0
3301801,0.14995767,0.0
3301801,0.0,0.0
3301801,0.0,0.0
3301801,0.0,0.0
3301801,0.0,0.0
3301801,0.0,0.0
3301801,0.0,0.0
3301801,0.0,0.0
3301801,0.0,0.0
3301801,0.0,0.0
3301801,0.0,0.0
3301801,0.0,0.0
3301801,0.0,0.0
3301801,0.35339877,0.0
3301801,0.1495262,0.0
3301801,1.3412428,0.0
3301801,0.0,0.0
3301801,0.0,0.0
3301801,0.7807182,0.0
3301801,0.73721373,0.0
3301801,0.20751622,0.0
3301801,0.0,0.0
3301801,0.0,0.0
3301801,0.0,0.0
3301801,0.0,0.0
3301850,0.0,0.0
3301850,0.0,0.0
3301850,0.0,1.0
3301850,1.207518,0.0
3301850,1.6420425,0.0
3301850,0.41506755,0.0
3301850,0.0,0.0
3301850,0.0,0.0
3301850,0.23165277,0.0
3301850,0.0,0.0
3301850,0.8625366,0.0
3301850,0.72961223,0.0
3301850,0.32705173,0.0
3301850,0.7335778,0.0
3301850,0.0,0.0
3301850,0.0,0.0
3301850,0.48799512,0.0
3301850,1.4129727,0.0
3301850,0.8663309,0.0
3301850,0.0,0.0
3301850,0.0,0.0
3301850,0.2938686,0.0
3301850,0.0,0.0
3301850,0.30715555,0.0
3301850,0.0,0.0
3301850,0.0,0.0
3301850,0.0,0.0
3301850,0.0,0.0
3301850,0.0,0.0
3301850,0.0,0.0
3301850,0.0,0.0
3301850,0.0,0.0
3301850,0.0,0.0
3301850,0.0,0.0
3301850,0.0,0.0
3301850,0.0,0.0
3301850,0.24556983,0.0
3301850,0.0,0.0
3301850,1.0294112,0.0
3301850,0.0,0.0
3301850,0.0,0.0
3301850,0.64882207,0.0
3301850,0.58467484,0.0
3301850,0.61061865,0.0
3301850,0.0,0.0
3301850,0.0,0.0
3301850,0.0,0.0
3301850,0.0,0.0
3301876,1.4658492,0.0
3301876,0.0,0.0
3301876,2.0770216,1.0
3301876,3.464043,1.0
3301876,4.6111865,0.0
3301876,3.7721086,2.0
3301876,1.9342623,1.0
3301876,0.94860303,0.0
3301876,1.9184138,0.0
3301876,0.768873,0.0
3301876,0.5779175,1.0
3301876,0.39334184,0.0
3301876,0.15084547,0.0
3301876,0.33207116,1.0
3301876,0.0,1.0
3301876,0.0,0.0
3301876,0.25484586,0.0
3301876,1.1188542,1.0
3301876,0.6107719,0.0
3301876,0.0,0.0
3301876,0.0,0.0
3301876,0.9685609,1.0
3301876,0.0,0.0
3301876,0.0,2.0
3301876,0.24369578,0.0
3301876,0.0,0.0
3301876,0.0,0.0
3301876,0.0,1.0
3301876,0.0,0.0
3301876,0.0,2.0
3301876,0.0,0.0
3301876,0.0,1.0
3301876,0.13849597,0.0
3301876,0.0,0.0
3301876,0.41182372,0.0
3301876,0.0,0.0
3301876,0.44419184,0.0
3301876,0.18154845,0.0
3301876,1.0585594,0.0
3301876,0.0,1.0
3301876,0.0,1.0
3301876,1.2070343,1.0
3301876,1.4257007,0.0
3301876,1.5393384,0.0
3301876,0.0,0.0
3301876,0.0,0.0
3301876,0.0,1.0
3301876,0.0,1.0
3301900,1.7812226,0.0
3301900,0.2808102,4.0
3301900,2.1063282,2.0
3301900,3.510335,4.0
3301900,7.17,2.0
3301900,4.9672155,0.0
3301900,4.4240665,0.0
3301900,3.00165,2.0
3301900,1.9645003,1.0
3301900,0.83743775,3.0
3301900,3.0307853,0.0
3301900,2.7519922,1.0
3301900,3.1055486,0.0
3301900,2.2638378,0.0
3301900,1.1288775,0.0
3301900,0.0,0.0
3301900,1.4050921,1.0
3301900,2.3604379,1.0
3301900,1.8620402,1.0
3301900,0.82321936,0.0
3301900,0.0,1.0
3301900,1.9444193,3.0
3301900,0.8680389,0.0
3301900,1.5221955,0.0
3301900,2.465624,0.0
3301900,0.4862786,0.0
3301900,0.0,3.0
3301900,0.0,0.0
3301900,0.18687007,0.0
3301900,1.8114401,0.0
3301900,0.23437436,0.0
3301900,0.06665737,0.0
3301900,0.0,0.0
3301900,0.2132796,0.0
3301900,1.0285782,1.0
3301900,0.9579244,0.0
3301900,1.3869835,3.0
3301900,2.241417,1.0
3301900,2.6791399,0.0
3301900,3.124931,0.0
3301900,2.1444495,1.0
3301900,2.206008,2.0
3301900,1.9504052,1.0
3301900,2.7245417,0.0
3301900,1.4027772,0.0
3301900,1.7288145,1.0
3301900,0.0,0.0
3301900,0.91844714,0.0
3302007,0.0,0.0
3302007,0.0,0.0
3302007,0.0,0.0
3302007,0.9295715,0.0
3302007,1.474364,2.0
3302007,0.14495623,0.0
3302007,0.045125995,1.0
3302007,0.8126189,1.0
3302007,0.81798846,0.0
3302007,0.59898657,0.0
3302007,1.9238056,0.0
3302007,1.3293171,1.0
3302007,0.56776226,0.0
3302007,1.2262096,0.0
3302007,0.5535866,0.0
3302007,0.0,2.0
3302007,0.5578792,0.0
3302007,1.6369581,0.0
3302007,2.213749,2.0
3302007,0.0,1.0
3302007,0.0,2.0
3302007,1.2742105,0.0
3302007,1.0070742,0.0
3302007,1.2335004,1.0
3302007,0.13060084,0.0
3302007,0.0,0.0
3302007,0.0,0.0
3302007,0.0,0.0
3302007,0.0,1.0
3302007,0.0,0.0
3302007,0.0,2.0
3302007,0.018661667,0.0
3302007,0.0,0.0
3302007,0.48529407,0.0
3302007,0.6801877,0.0
3302007,0.050701037,0.0
3302007,0.35998574,0.0
3302007,0.17642714,1.0
3302007,1.3197354,0.0
3302007,0.0,0.0
3302007,0.0,0.0
3302007,0.9372286,0.0
3302007,0.5104297,0.0
3302007,0.05537202,0.0
3302007,0.0,0.0
3302007,0.0,0.0
3302007,0.0,0.0
3302007,0.06567283,0.0
3302056,0.32903793,0.0
3302056,0.0,0.0
3302056,1.8907347,0.0
3302056,3.1304488,0.0
3302056,3.7780302,0.0
3302056,2.3848999,0.0
3302056,0.46261978,0.0
3302056,0.0,0.0
3302056,0.08554419,0.0
3302056,0.0,0.0
3302056,0.7372762,0.0
3302056,0.59231144,0.0
3302056,0.0,0.0
3302056,0.3184032,0.0
3302056,0.0,0.0
3302056,0.0,0.0
3302056,0.27809545,0.0
3302056,0.82679194,0.0
3302056,0.60499567,0.0
3302056,0.0,0.0
3302056,0.0,0.0
3302056,0.72597545,1.0
3302056,0.0,0.0
3302056,0.0,0.0
3302056,0.0,0.0
3302056,0.0,0.0
3302056,0.0,0.0
3302056,0.0,1.0
3302056,0.0,0.0
3302056,0.0,0.0
3302056,0.0,1.0
3302056,0.0,0.0
3302056,0.0,0.0
3302056,0.0,0.0
3302056,0.0,1.0
3302056,0.0,0.0
3302056,0.4604555,0.0
3302056,0.5306161,0.0
3302056,0.7865544,0.0
3302056,0.0,2.0
3302056,0.01701364,0.0
3302056,0.14769839,0.0
3302056,1.9427181,0.0
3302056,0.77280855,0.0
3302056,0.0,0.0
3302056,0.0,0.0
3302056,0.0,0.0
3302056,0.0,1.0
3302106,0.21756876,0.0
3302106,0.0,0.0
3302106,1.2944423,0.0
3302106,2.6003718,0.0
3302106,3.2781985,0.0
3302106,1.6606144,0.0
3302106,0.2453207,0.0
3302106,0.0,0.0
3302106,0.20062447,0.0
3302106,0.0,0.0
3302106,0.50870377,0.0
3302106,0.42632464,0.0
3302106,0.0,0.0
3302106,0.24337558,0.0
3302106,0.0,0.0
3302106,0.0,0.0
3302106,0.22940373,0.0
3302106,0.7725252,0.0
3302106,0.5398254,0.0
3302106,0.0,0.0
3302106,0.0,0.0
3302106,0.61017776,0.0
3302106,0.0,0.0
3302106,0.0,0.0
3302106,0.0,0.0
3302106,0.0,0.0
3302106,0.0,0.0
3302106,0.0,0.0
3302106,0.0,0.0
3302106,0.0,0.0
3302106,0.0,0.0
3302106,0.0,1.0
3302106,0.0,0.0
3302106,0.0,0.0
3302106,0.117464565,3.0
3302106,0.43673503,1.0
3302106,0.674325,0.0
3302106,2.3788223,1.0
3302106,2.3800106,0.0
3302106,0.39447019,1.0
3302106,1.0223885,2.0
3302106,0.47573295,0.0
3302106,1.3567129,1.0
3302106,2.6001253,1.0
3302106,0.0,1.0
3302106,0.0,1.0
3302106,0.0,4.0
3302106,0.48689672,5.0
3302205,3.7131433,1.0
3302205,0.4416757,4.0
3302205,2.3314643,0.0
3302205,4.02614,2.0
3302205,6.664409,1.0
3302205,3.253442,0.0
3302205,1.8965014,0.0
3302205,0.31325796,0.0
3302205,0.6694716,1.0
3302205,0.0,4.0
3302205,1.1525141,4.0
3302205,1.6202149,2.0
3302205,2.576506,0.0
3302205,3.39101,2.0
3302205,0.959641,1.0
3302205,0.0,0.0
3302205,1.4794555,0.0
3302205,1.922637,0.0
3302205,1.155418,0.0
3302205,0.0,2.0
3302205,0.0,0.0
3302205,1.2112781,2.0
3302205,1.1208994,4.0
3302205,0.0,7.0
3302205,0.54745084,2.0
3302205,1.8106157,1.0
3302205,4.2428136,3.0
3302205,2.5944638,2.0
3302205,1.440389,0.0
3302205,1.8175741,1.0
3302205,1.5348496,4.0
3302205,0.62722737,3.0
3302205,0.0,2.0
3302205,1.9524436,2.0
3302205,3.319685,0.0
3302205,2.9741147,2.0
3302205,3.4664168,0.0
3302205,1.3737625,1.0
3302205,3.0540247,0.0
3302205,1.193916,0.0
3302205,1.5181006,2.0
3302205,1.1238034,3.0
3302205,1.1525826,2.0
3302205,3.1375716,0.0
3302205,2.3768866,0.0
3302205,2.3374093,0.0
3302205,0.0738325,0.0
3302205,0.41586888,0.0
3302254,0.0,0.0
3302254,0.0,0.0
3302254,0.0,0.0
3302254,0.0,0.0
3302254,0.0,0.0
3302254,0.0,0.0
3302254,0.0,0.0
3302254,0.0,0.0
3302254,0.010462621,0.0
3302254,0.0,0.0
3302254,2.0855563,2.0
3302254,2.3372004,0.0
3302254,1.2540395,0.0
3302254,2.8483474,0.0
3302254,1.8423982,0.0
3302254,0.0,0.0
3302254,0.8400755,1.0
3302254,1.9793977,0.0
3302254,1.9269347,0.0
3302254,0.36058074,0.0
3302254,0.0,0.0
3302254,0.86877257,0.0
3302254,0.0,1.0
3302254,0.20508228,0.0
3302254,0.0,0.0
3302254,0.0,1.0
3302254,0.0,0.0
3302254,0.0,3.0
3302254,0.0,2.0
3302254,0.0,0.0
3302254,0.3361437,1.0
3302254,0.86217016,0.0
3302254,0.0,3.0
3302254,0.0,0.0
3302254,0.0,1.0
3302254,2.0759952,0.0
3302254,0.97787625,0.0
3302254,1.4396459,1.0
3302254,1.7716622,0.0
3302254,0.0,0.0
3302254,0.62080646,0.0
3302254,1.1543325,0.0
3302254,0.21584882,0.0
3302254,0.46084931,0.0
3302254,0.096348405,1.0
3302254,0.0,0.0
3302254,0.0,0.0
3302254,0.91953695,1.0
3302270,0.0,2.0
3302270,0.0,0.0
3302270,0.0,0.0
3302270,2.740385,0.0
3302270,2.2208786,2.0
3302270,0.489876,0.0
3302270,0.1461685,0.0
3302270,0.79161316,0.0
3302270,0.83276165,1.0
3302270,0.0,4.0
3302270,1.223905,2.0
3302270,1.5941864,1.0
3302270,2.5065346,1.0
3302270,2.4659238,4.0
3302270,0.18616292,2.0
3302270,0.0,3.0
3302270,2.2394392,3.0
3302270,2.731413,3.0
3302270,2.4001293,2.0
3302270,0.8006812,1.0
3302270,0.0,2.0
3302270,1.5162044,3.0
3302270,0.3885938,4.0
3302270,1.0322578,3.0
3302270,1.485247,1.0
3302270,1.5498463,2.0
3302270,0.86675984,5.0
3302270,0.0,1.0
3302270,0.47669864,1.0
3302270,2.289149,1.0
3302270,0.32656974,0.0
3302270,0.0,3.0
3302270,0.0,0.0
3302270,0.0,0.0
3302270,2.0988579,1.0
3302270,0.9257429,0.0
3302270,0.70080984,1.0
3302270,1.3823211,1.0
3302270,1.8212769,0.0
3302270,0.5926821,1.0
3302270,0.43179694,1.0
3302270,1.1767706,0.0
3302270,1.6201302,1.0
3302270,1.9724537,0.0
3302270,0.0,0.0
3302270,0.0,0.0
3302270,0.0,0.0
3302270,0.0,0.0
3302304,0.0,0.0
3302304,0.0,0.0
3302304,0.39382726,0.0
3302304,1.9821253,0.0
3302304,2.5888324,0.0
3302304,1.147814,0.0
3302304,0.0,0.0
3302304,0.0,0.0
3302304,0.0,0.0
3302304,0.0,0.0
3302304,0.51214963,0.0
3302304,0.40671697,0.0
3302304,0.0,0.0
3302304,0.22984378,0.0
3302304,0.0,0.0
3302304,0.0,0.0
3302304,0.26647794,0.0
3302304,0.8134485,0.0
3302304,0.5826938,0.0
3302304,0.0,0.0
3302304,0.0,0.0
3302304,0.649019,0.0
3302304,0.0,0.0
3302304,0.0,0.0
3302304,0.0,0.0
3302304,0.0,0.0
3302304,0.0,0.0
3302304,0.0,0.0
3302304,0.0,0.0
3302304,0.0,0.0
3302304,0.0,0.0
3302304,0.0,0.0
3302304,0.0,0.0
3302304,0.0,0.0
3302304,0.0,0.0
3302304,0.0,0.0
3302304,0.2628343,0.0
3302304,0.0,0.0
3302304,0.570441,0.0
3302304,0.0,0.0
3302304,0.0,0.0
3302304,0.08679584,0.0
3302304,0.45663208,0.0
3302304,0.8412963,0.0
3302304,0.0,0.0
3302304,0.0,0.0
3302304,0.0,0.0
3302304,0.0,0.0
3302403,0.99842227,1.0
3302403,0.56724,1.0
3302403,4.975496,0.0
3302403,4.316107,0.0
3302403,4.526287,1.0
3302403,2.2553682,1.0
3302403,0.24512036,1.0
3302403,0.36820963,0.0
3302403,1.531599,0.0
3302403,0.62405884,0.0
3302403,0.8334996,1.0
3302403,0.6687962,3.0
3302403,0.18826726,3.0
3302403,1.1309768,4.0
3302403,1.1019269,3.0
3302403,0.45102024,2.0
3302403,2.7609575,0.0
3302403,3.4845898,0.0
3302403,1.8663756,5.0
3302403,0.0,5.0
3302403,0.0,2.0
3302403,3.0592976,3.0
3302403,3.614939,1.0
3302403,0.0,3.0
3302403,1.1464143,5.0
3302403,0.0,2.0
3302403,0.9339326,3.0
3302403,2.4102366,2.0
3302403,1.1609341,1.0
3302403,1.0335163,0.0
3302403,0.69082236,1.0
3302403,0.24580525,4.0
3302403,0.0,1.0
3302403,0.0,2.0
3302403,2.870431,0.0
3302403,1.3165147,2.0
3302403,1.8751558,0.0
3302403,0.0,0.0
3302403,1.8295487,1.0
3302403,0.0,0.0
3302403,0.0,0.0
3302403,1.1459075,1.0
3302403,0.48820317,1.0
3302403,0.57204795,1.0
3302403,0.0,1.0
3302403,0.39352334,2.0
3302403,0.0,5.0
3302403,0.87566173,5.0
3302452,0.0,0.0
3302452,0.0,0.0
3302452,0.6026739,0.0
3302452,1.5108715,0.0
3302452,2.300555,0.0
3302452,0.6785602,0.0
3302452,0.0,0.0
3302452,0.0,0.0
3302452,0.34408507,0.0
3302452,0.0,0.0
3302452,0.49573442,0.0
3302452,0.415999,0.0
3302452,0.0,0.0
3302452,0.2488402,0.0
3302452,0.0,0.0
3302452,0.0,0.0
3302452,0.039389145,0.0
3302452,1.1847247,0.0
3302452,0.29343027,0.0
3302452,0.0,0.0
3302452,0.0,0.0
3302452,0.24729575,0.0
3302452,0.0,0.0
3302452,0.0,0.0
3302452,0.0,0.0
3302452,0.0,0.0
3302452,0.0,0.0
3302452,0.0,0.0
3302452,0.0,0.0
3302452,0.0,0.0
3302452,0.0,0.0
3302452,0.0,0.0
3302452,0.0,0.0
3302452,0.0,0.0
3302452,0.0,0.0
3302452,0.0,0.0
3302452,0.52500683,0.0
3302452,0.013404244,0.0
3302452,0.9340053,0.0
3302452,0.0,0.0
3302452,0.0,0.0
3302452,0.5940716,0.0
3302452,0.36605647,0.0
3302452,0.63150793,0.0
3302452,0.0,0.0
3302452,0.0,0.0
3302452,0.0,0.0
3302452,0.0,0.0
3302502,0.0,2.0
3302502,0.0,2.0
3302502,0.20567043,0.0
3302502,3.272382,0.0
3302502,4.2098107,1.0
3302502,0.8381843,0.0
3302502,0.0,1.0
3302502,0.16030301,0.0
3302502,0.61666197,0.0
3302502,0.36753842,0.0
3302502,1.0873215,0.0
3302502,0.8446908,0.0
3302502,0.4766627,0.0
3302502,0.89839685,0.0
3302502,0.0,0.0
3302502,0.0,0.0
3302502,0.67154944,0.0
3302502,1.5948833,1.0
3302502,1.0505016,1.0
3302502,0.0,0.0
3302502,0.0,0.0
3302502,1.1042248,0.0
3302502,0.17222017,2.0
3302502,0.44338366,0.0
3302502,0.0,0.0
3302502,0.5646922,1.0
3302502,0.0,0.0
3302502,0.0,0.0
3302502,0.0,0.0
3302502,0.0,0.0
3302502,0.0,2.0
3302502,0.0,0.0
3302502,0.0,1.0
3302502,0.15983728,0.0
3302502,0.6521121,1.0
3302502,0.6563722,0.0
3302502,0.73448443,0.0
3302502,0.94685996,0.0
3302502,1.5919896,0.0
3302502,0.0,0.0
3302502,0.0,0.0
3302502,0.8728263,0.0
3302502,0.7077393,0.0
3302502,0.75594217,0.0
3302502,0.0,0.0
3302502,0.0,0.0
3302502,0.0,0.0
3302502,0.0,0.0
3302601,0.0,1.0
3302601,0.0,0.0
3302601,0.0,0.0
3302601,1.2474097,1.0
3302601,1.2401224,2.0
3302601,0.0,1.0
3302601,0.14730456,2.0
3302601,0.40726316,1.0
3302601,1.0964315,1.0
3302601,1.082898,1.0
3302601,1.8342,0.0
3302601,1.574351,0.0
3302601,1.3091325,0.0
3302601,1.3426853,0.0
3302601,0.35085183,0.0
3302601,0.0,0.0
3302601,0.91938627,1.0
3302601,1.9981501,0.0
3302601,1.5960896,1.0
3302601,0.34617057,0.0
3302601,0.0,0.0
3302601,1.0625978,1.0
3302601,0.83937687,0.0
3302601,0.6985899,0.0
3302601,0.6099372,0.0
3302601,0.0,1.0
3302601,0.0,0.0
3302601,0.0,0.0
3302601,0.0,0.0
3302601,0.0,0.0
3302601,0.0,0.0
3302601,0.0,0.0
3302601,0.0,0.0
3302601,0.0,0.0
3302601,0.23664223,0.0
3302601,0.0288041,0.0
3302601,0.32818523,0.0
3302601,0.0,0.0
3302601,1.2826133,0.0
3302601,0.0,0.0
3302601,0.0,0.0
3302601,0.81103593,0.0
3302601,0.5124356,0.0
3302601,0.14152406,0.0
3302601,0.0,0.0
3302601,0.0,0.0
3302601,0.0,1.0
3302601,0.14415406,0.0
3302700,0.055480745,2.0
3302700,0.0,4.0
3302700,2.249034,1.0
3302700,4.5834837,1.0
3302700,6.8554964,0.0
3302700,3.4484212,0.0
3302700,1.3739029,0.0
3302700,0.42518687,2.0
3302700,0.9447479,0.0
3302700,0.079753414,1.0
3302700,2.167641,1.0
3302700,1.2979344,0.0
3302700,1.1330528,0.0
3302700,1.7134086,0.0
3302700,0.12586737,0.0
3302700,0.0,3.0
3302700,0.7304855,3.0
3302700,1.6895982,0.0
3302700,2.634876,0.0
3302700,1.3531643,1.0
3302700,0.0,1.0
3302700,0.4619246,0.0
3302700,0.5028265,0.0
3302700,1.0639744,0.0
3302700,0.17413189,1.0
3302700,0.0,1.0
3302700,0.0,0.0
3302700,0.0,2.0
3302700,0.11531314,0.0
3302700,0.0,0.0
3302700,0.038330983,0.0
3302700,0.0,0.0
3302700,0.0,0.0
3302700,0.0,0.0
3302700,0.21015735,2.0
3302700,0.06367209,0.0
3302700,0.46680105,0.0
3302700,1.9166133,2.0
3302700,2.0299017,0.0
3302700,0.0,0.0
3302700,0.8706766,0.0
3302700,1.6456143,0.0
3302700,0.9826226,0.0
3302700,0.9936357,0.0
3302700,0.0,1.0
3302700,0.0,0.0
3302700,0.0,1.0
3302700,0.93365264,0.0
3302809,0.0,0.0
3302809,0.0,0.0
3302809,0.0,0.0
3302809,0.56030285,0.0
3302809,1.1775299,0.0
3302809,0.04978242,0.0
3302809,0.0,0.0
3302809,0.0,0.0
3302809,0.3422872,0.0
3302809,0.0,0.0
3302809,1.2375678,0.0
3302809,1.2034463,0.0
3302809,0.5940476,0.0
3302809,1.2668402,0.0
3302809,0.08374121,0.0
3302809,0.0,0.0
3302809,0.5593577,0.0
3302809,1.6589149,0.0
3302809,1.2606761,0.0
3302809,0.0,0.0
3302809,0.0,0.0
3302809,0.3833535,0.0
3302809,0.26281205,0.0
3302809,0.1247099,0.0
3302809,0.0,0.0
3302809,0.0,0.0
3302809,0.0,0.0
3302809,0.0,0.0
3302809,0.0,0.0
3302809,0.0,0.0
3302809,0.0,0.0
3302809,0.0,0.0
3302809,0.0,0.0
3302809,0.0,0.0
3302809,0.0,0.0
3302809,0.0,0.0
3302809,0.5763842,0.0
3302809,0.45567152,0.0
3302809,1.5114708,0.0
3302809,0.0,0.0
3302809,0.0,0.0
3302809,0.837151,0.0
3302809,0.931913,0.0
3302809,0.4119136,0.0
3302809,0.0,0.0
3302809,0.0,0.0
3302809,0.0,0.0
3302809,0.04479639,0.0
3302908,0.0,0.0
3302908,0.0,0.0
3302908,0.0,0.0
3302908,0.95192474,0.0
3302908,1.4256526,0.0
3302908,0.0,0.0
3302908,0.0,0.0
3302908,0.0,0.0
3302908,0.054904576,0.0
3302908,0.0,0.0
3302908,1.0363449,1.0
3302908,0.8742303,0.0
3302908,0.34772444,0.0
3302908,1.0692575,0.0
3302908,0.0,0.0
3302908,0.0,0.0
3302908,0.47570384,0.0
3302908,1.407092,0.0
3302908,0.90069467,0.0
3302908,0.0,0.0
3302908,0.0,1.0
3302908,0.3199588,1.0
3302908,0.0,0.0
3302908,0.5488232,0.0
3302908,0.29469988,0.0
3302908,0.0,0.0
3302908,0.0,0.0
3302908,0.0,0.0
3302908,0.0,0.0
3302908,0.0,0.0
3302908,0.0,0.0
3302908,0.0,0.0
3302908,0.0,0.0
3302908,0.0,0.0
3302908,0.0,0.0
3302908,0.0,0.0
3302908,0.5727397,0.0
3302908,0.37288746,0.0
3302908,1.3916203,0.0
3302908,0.0,0.0
3302908,0.0,0.0
3302908,0.93187106,0.0
3302908,0.7916731,0.0
3302908,0.81308293,0.0
3302908,0.0,0.0
3302908,0.0,0.0
3302908,0.0,0.0
3302908,0.0,0.0
3303005,0.1667025,0.0
3303005,0.0,0.0
3303005,0.66420996,0.0
3303005,2.2350843,0.0
3303005,2.8356822,1.0
3303005,1.2934911,0.0
3303005,0.028381176,0.0
3303005,0.0,1.0
3303005,0.09698022,0.0
3303005,0.0,0.0
3303005,0.7471781,1.0
3303005,0.50106806,0.0
3303005,0.0,0.0
3303005,0.5011331,0.0
3303005,0.0,0.0
3303005,0.0,0.0
3303005,0.14770351,0.0
3303005,0.71924806,0.0
3303005,0.52591604,0.0
3303005,0.0,0.0
3303005,0.0,1.0
3303005,0.64138925,1.0
3303005,0.0,0.0
3303005,0.0,0.0
3303005,0.0,0.0
3303005,0.0,0.0
3303005,0.0,0.0
3303005,0.0,0.0
3303005,0.0,1.0
3303005,0.0,0.0
3303005,0.0,0.0
3303005,0.0743513,0.0
3303005,0.0,0.0
3303005,0.0,0.0
3303005,0.0,0.0
3303005,0.08574795,0.0
3303005,0.57283133,0.0
3303005,0.23839727,0.0
3303005,0.9980207,0.0
3303005,0.14897743,0.0
3303005,0.32295436,0.0
3303005,0.35861683,0.0
3303005,0.66436064,0.0
3303005,0.9913293,0.0
3303005,0.0,0.0
3303005,0.0,0.0
3303005,0.0,0.0
3303005,0.0,0.0
3303104,0.0,0.0
3303104,0.0,0.0
3303104,0.83769804,0.0
3303104,2.3738344,0.0
3303104,3.0084305,0.0
3303104,1.6329155,1.0
3303104,0.22082715,0.0
3303104,0.0,0.0
3303104,0.29039875,0.0
3303104,0.0,0.0
3303104,0.7520588,0.0
3303104,0.629312,1.0
3303104,0.0,0.0
3303104,0.4424094,1.0
3303104,0.0,1.0
3303104,0.0,0.0
3303104,0.4039406,1.0
3303104,1.1997881,0.0
3303104,0.95243156,0.0
3303104,0.0,0.0
3303104,0.0,0.0
3303104,0.8491769,0.0
3303104,0.0,0.0
3303104,0.0,0.0
3303104,0.0,0.0
3303104,0.0,0.0
3303104,0.0,0.0
3303104,0.0,0.0
3303104,0.011441165,0.0
3303104,0.0,0.0
3303104,0.0,0.0
3303104,0.0,0.0
3303104,0.0,0.0
3303104,0.0,0.0
3303104,0.0,0.0
3303104,0.09965559,0.0
3303104,0.68732256,0.0
3303104,0.20184188,0.0
3303104,0.9693142,0.0
3303104,0.07905396,0.0
3303104,0.3024118,0.0
3303104,0.45000657,0.0
3303104,0.7695373,0.0
3303104,1.0933555,0.0
3303104,0.0,0.0
3303104,0.0,0.0
3303104,0.0,0.0
3303104,0.0,0.0
3303203,0.0,0.0
3303203,0.0,0.0
3303203,0.31596074,0.0
3303203,2.3264277,0.0
3303203,3.2362967,0.0
3303203,1.86385,0.0
3303203,1.0759472,0.0
3303203,0.51584035,0.0
3303203,1.2208161,0.0
3303203,0.42570823,0.0
3303203,1.4464751,0.0
3303203,1.2817786,0.0
3303203,0.26533246,0.0
3303203,1.146505,2.0
3303203,0.0,0.0
3303203,0.0,0.0
3303203,0.97478825,0.0
3303203,1.2061319,3.0
3303203,0.55501634,0.0
3303203,0.0,0.0
3303203,0.014798861,0.0
3303203,0.61232835,1.0
3303203,0.0,0.0
3303203,0.0,0.0
3303203,0.43710488,0.0
3303203,0.0,0.0
3303203,0.0,0.0
3303203,0.0,0.0
3303203,0.030167896,0.0
3303203,0.0,0.0
3303203,0.0,0.0
3303203,0.0,0.0
3303203,0.0,1.0
3303203,0.5598654,0.0
3303203,0.60975313,0.0
3303203,1.3945054,0.0
3303203,1.4213669,2.0
3303203,1.3958615,0.0
3303203,1.8768835,0.0
3303203,1.8406903,0.0
3303203,0.30727625,0.0
3303203,0.87234855,0.0
3303203,1.2898809,0.0
3303203,1.3639865,0.0
3303203,0.0,0.0
3303203,0.0,0.0
3303203,0.0,0.0
3303203,0.19810405,0.0
3303302,2.4814126,0.0
3303302,0.0,0.0
3303302,2.6782787,1.0
3303302,4.0342603,2.0
3303302,5.0712185,0.0
3303302,4.2013745,1.0
3303302,3.7706857,0.0
3303302,2.2771223,1.0
3303302,2.94999,0.0
3303302,1.5275325,0.0
3303302,2.6885931,0.0
3303302,2.290635,0.0
3303302,1.5391243,0.0
3303302,2.2267618,1.0
3303302,0.81644064,1.0
3303302,0.08589777,0.0
3303302,2.034245,1.0
3303302,3.100941,1.0
3303302,2.0788314,2.0
3303302,0.946098,0.0
3303302,0.11827959,0.0
3303302,2.6259253,0.0
3303302,1.0892957,0.0
3303302,1.1396493,1.0
3303302,0.93442744,0.0
3303302,0.20153537,2.0
3303302,0.49877965,1.0
3303302,0.37577257,1.0
3303302,1.8184894,0.0
3303302,1.2075908,0.0
3303302,0.5484482,1.0
3303302,0.4106748,0.0
3303302,0.10723909,0.0
3303302,1.3194752,0.0
3303302,1.57516,0.0
3303302,1.1765788,0.0
3303302,1.5639278,0.0
3303302,1.6698261,0.0
3303302,2.5054455,0.0
3303302,0.8538564,0.0
3303302,0.4438956,0.0
3303302,1.8703634,0.0
3303302,2.1041453,0.0
3303302,2.140431,0.0
3303302,0.0,0.0
3303302,0.26361424,0.0
3303302,0.0,1.0
3303302,1.2836689,1.0
3303401,0.0,3.0
3303401,0.2974052,4.0
3303401,1.8885524,0.0
3303401,3.38102,3.0
3303401,4.9244986,3.0
3303401,0.8265274,3.0
3303401,1.662455,1.0
3303401,1.4592056,1.0
3303401,3.0557773,1.0
3303401,1.3125834,0.0
3303401,2.0968564,1.0
3303401,1.9865745,0.0
3303401,0.79804265,1.0
3303401,1.5742338,0.0
3303401,0.0,2.0
3303401,0.0,2.0
3303401,1.1598177,1.0
3303401,3.160662,0.0
3303401,2.470699,2.0
3303401,0.0,1.0
3303401,0.0,0.0
3303401,2.067803,1.0
3303401,1.7223696,0.0
3303401,0.98629963,1.0
3303401,1.008819,0.0
3303401,0.19686268,0.0
3303401,0.41279626,0.0
3303401,0.0,1.0
3303401,0.0,1.0
3303401,0.0,2.0
3303401,0.033364642,1.0
3303401,0.6170318,0.0
3303401,0.29132336,1.0
3303401,0.0,0.0
3303401,0.43375403,0.0
3303401,0.51494145,0.0
3303401,0.6267779,0.0
3303401,0.0,0.0
3303401,0.6969145,1.0
3303401,0.0,1.0
3303401,0.0,2.0
3303401,1.7339443,1.0
3303401,1.5761034,1.0
3303401,2.9556456,0.0
3303401,0.12760614,1.0
3303401,0.9460826,1.0
3303401,0.0,0.0
3303401,0.88200384,0.0
3303500,6.447967,2.0
3303500,0.36111668,6.0
3303500,2.464839,2.0
3303500,4.5376863,7.0
3303500,7.732362,5.0
3303500,4.0002356,9.0
3303500,5.5539603,9.0
3303500,4.3938994,6.0
3303500,7.4352818,8.0
3303500,7.3494234,0.0
3303500,5.963582,4.0
3303500,6.636085,7.0
3303500,1.5749588,9.0
3303500,3.5434728,10.0
3303500,4.118517,5.0
3303500,4.84593,16.0
3303500,7.0721917,10.0
3303500,5.390243,10.0
3303500,10.09355,4.0
3303500,6.1459284,4.0
3303500,4.780413,3.0
3303500,3.5107827,6.0
3303500,2.4535246,2.0
3303500,2.5081244,0.0
3303500,4.0068383,1.0
3303500,1.7063867,0.0
3303500,0.0,1.0
3303500,0.0,0.0
3303500,0.035654757,1.0
3303500,0.26635465,0.0
3303500,0.0,0.0
3303500,0.6027475,0.0
3303500,0.0,1.0
3303500,0.0,2.0
3303500,0.8002711,0.0
3303500,1.5321221,0.0
3303500,3.2112372,1.0
3303500,1.8966093,0.0
3303500,2.1042147,1.0
3303500,1.1774939,1.0
3303500,0.32542682,1.0
3303500,2.3579268,0.0
3303500,2.6363914,0.0
3303500,2.7041686,1.0
3303500,0.0,1.0
3303500,0.0,0.0
3303500,0.10019923,1.0
3303500,1.8913356,1.0
3303609,0.0,0.0
3303609,0.0,0.0
3303609,0.0,0.0
3303609,0.6054828,0.0
3303609,1.239887,0.0
3303609,0.11296138,0.0
3303609,0.0,0.0
3303609,0.0,0.0
3303609,0.3507294,0.0
3303609,0.0,0.0
3303609,1.2764056,0.0
3303609,1.2126145,0.0
3303609,0.5493351,0.0
3303609,1.2204223,1.0
3303609,0.032832135,0.0
3303609,0.0,0.0
3303609,0.8871937,1.0
3303609,1.7652422,0.0
3303609,1.1946839,0.0
3303609,0.0,1.0
3303609,0.0,0.0
3303609,0.3175257,0.0
3303609,0.56688213,2.0
3303609,0.16046567,1.0
3303609,0.0,1.0
3303609,0.0,2.0
3303609,0.0,0.0
3303609,0.0,0.0
3303609,0.27848673,0.0
3303609,0.0,0.0
3303609,0.0,0.0
3303609,0.0,1.0
3303609,0.0,1.0
3303609,0.0,0.0
3303609,0.5559238,0.0
3303609,1.0456783,1.0
3303609,0.8998779,0.0
3303609,0.4218831,0.0
3303609,2.271393,1.0
3303609,0.0,2.0
3303609,0.0,1.0
3303609,1.5913886,0.0
3303609,2.675207,0.0
3303609,1.5855122,1.0
3303609,0.0,1.0
3303609,0.0,1.0
3303609,0.0,0.0
3303609,0.9579022,0.0
3303708,0.0,0.0
3303708,0.0,0.0
3303708,0.0,0.0
3303708,0.0,0.0
3303708,0.2966955,0.0
3303708,0.0,0.0
3303708,0.0,0.0
3303708,0.0,0.0
3303708,0.17533217,0.0
3303708,0.0,0.0
3303708,0.79538095,0.0
3303708,0.766814,0.0
3303708,0.23247293,0.0
3303708,0.81059587,0.0
3303708,0.0,1.0
3303708,0.0,0.0
3303708,0.26697108,0.0
3303708,1.5533265,0.0
3303708,0.8913484,0.0
3303708,0.0,0.0
3303708,0.0,0.0
3303708,0.17541435,0.0
3303708,0.0,0.0
3303708,0.0,0.0
3303708,0.0,0.0
3303708,0.0,0.0
3303708,0.0,0.0
3303708,0.0,0.0
3303708,0.0,0.0
3303708,0.0,0.0
3303708,0.0,0.0
3303708,0.0,0.0
3303708,0.0,0.0
3303708,0.0,0.0
3303708,0.0,0.0
3303708,0.28872332,0.0
3303708,0.9895075,0.0
3303708,1.0332928,0.0
3303708,1.8032308,0.0
3303708,0.038606655,0.0
3303708,0.0,0.0
3303708,1.040176,0.0
3303708,1.1730182,0.0
3303708,1.0695443,0.0
3303708,0.0,0.0
3303708,0.0,0.0
3303708,0.0,0.0
3303708,0.0,0.0
3303807,0.0,0.0
3303807,0.0,2.0
3303807,1.7835041,0.0
3303807,1.8464322,2.0
3303807,3.5322592,4.0
3303807,1.9941229,3.0
3303807,1.5678171,3.0
3303807,2.033573,0.0
3303807,1.8164886,4.0
3303807,1.7457253,9.0
3303807,2.0825703,4.0
3303807,3.5562716,3.0
3303807,5.558424,0.0
3303807,4.9709697,1.0
3303807,3.2087836,1.0
3303807,0.20135987,3.0
3303807,1.4719318,7.0
3303807,2.7575612,2.0
3303807,3.5307114,0.0
3303807,3.306614,0.0
3303807,0.5258458,0.0
3303807,1.530915,0.0
3303807,0.428536,0.0
3303807,1.3022424,0.0
3303807,0.58430845,0.0
3303807,0.0,0.0
3303807,0.0,0.0
3303807,0.0,0.0
3303807,0.0,0.0
3303807,0.0,0.0
3303807,0.0,0.0
3303807,0.015297977,0.0
3303807,0.0,0.0
3303807,0.0,0.0
3303807,0.5760623,0.0
3303807,0.36423808,0.0
3303807,0.640141,0.0
3303807,0.57152146,0.0
3303807,1.7622861,0.0
3303807,0.0,0.0
3303807,0.0,0.0
3303807,1.4203867,0.0
3303807,0.65567446,0.0
3303807,0.5537484,0.0
3303807,0.0,1.0
3303807,0.0,1.0
3303807,0.0,1.0
3303807,1.1359226,1.0
3303856,0.0,0.0
3303856,0.0,0.0
3303856,0.0,0.0
3303856,1.2737867,0.0
3303856,1.7834579,0.0
3303856,0.22302137,0.0
3303856,0.0,0.0
3303856,0.0,0.0
3303856,0.30444166,0.0
3303856,0.0,0.0
3303856,1.1330819,0.0
3303856,1.045347,0.0
3303856,0.36287686,1.0
3303856,0.95924544,0.0
3303856,0.0,0.0
3303856,0.0,0.0
3303856,0.5888921,0.0
3303856,1.307867,0.0
3303856,0.8140032,0.0
3303856,0.0,0.0
3303856,0.0,0.0
3303856,0.27277213,0.0
3303856,0.0,0.0
3303856,0.0,0.0
3303856,0.0,0.0
3303856,0.0,0.0
3303856,0.0,0.0
3303856,0.0,0.0
3303856,0.0,1.0
3303856,0.0,0.0
3303856,0.0,0.0
3303856,0.0,0.0
3303856,0.0,0.0
3303856,0.0,0.0
3303856,0.0812208,0.0
3303856,0.563414,1.0
3303856,1.3249757,0.0
3303856,1.4354013,0.0
3303856,2.8685021,0.0
3303856,0.6055864,0.0
3303856,0.0,0.0
3303856,1.2067081,0.0
3303856,1.2696363,1.0
3303856,1.2063931,0.0
3303856,0.0,1.0
3303856,0.1975433,0.0
3303856,0.0,1.0
3303856,0.67412037,0.0
3303906,0.13472305,1.0
3303906,0.0,0.0
3303906,0.0,1.0
3303906,2.1890507,0.0
3303906,2.1598468,0.0
3303906,0.71554106,0.0
3303906,0.0,0.0
3303906,0.0,2.0
3303906,0.25696304,1.0
3303906,0.0,1.0
3303906,2.1965024,1.0
3303906,1.7115422,1.0
3303906,1.0686249,0.0
3303906,1.4627405,0.0
3303906,0.36131015,0.0
3303906,0.0,0.0
3303906,0.5467694,0.0
3303906,1.4895132,0.0
3303906,0.9897729,0.0
3303906,0.0,0.0
3303906,0.0,0.0
3303906,0.42678952,0.0
3303906,0.0,0.0
3303906,0.3846,0.0
3303906,0.0,0.0
3303906,0.0,0.0
3303906,0.0,2.0
3303906,0.0,1.0
3303906,0.0,0.0
3303906,0.14494169,1.0
3303906,0.0,0.0
3303906,0.0,2.0
3303906,0.0,0.0
3303906,0.0,0.0
3303906,1.3971757,0.0
3303906,0.5159491,0.0
3303906,0.5442352,0.0
3303906,0.33426026,1.0
3303906,1.3858988,0.0
3303906,0.0,0.0
3303906,0.13732566,0.0
3303906,1.3140705,2.0
3303906,0.8616017,0.0
3303906,0.8645605,0.0
3303906,0.1903365,0.0
3303906,0.15088657,0.0
3303906,0.0,0.0
3303906,0.0,0.0
3303955,0.0,3.0
3303955,0.20214066,1.0
3303955,0.0,0.0
3303955,1.6658427,0.0
3303955,1.7735903,2.0
3303955,0.4266217,0.0
3303955,0.047135305,0.0
3303955,0.42574504,0.0
3303955,0.75912434,1.0
3303955,0.0,2.0
3303955,1.3032184,1.0
3303955,1.5835731,0.0
3303955,1.1944777,0.0
3303955,1.9688324,1.0
3303955,0.0517104,0.0
3303955,0.0,1.0
3303955,0.52013725,0.0
3303955,1.7163604,0.0
3303955,1.3260528,0.0
3303955,0.0,0.0
3303955,0.0,0.0
3303955,0.32114795,0.0
3303955,0.04806676,0.0
3303955,0.0,0.0
3303955,0.0,0.0
3303955,0.0,0.0
3303955,0.0,0.0
3303955,0.0,0.0
3303955,0.0,0.0
3303955,0.0,0.0
3303955,0.0,0.0
3303955,0.0,0.0
3303955,0.0,0.0
3303955,0.0,0.0
3303955,0.0,0.0
3303955,0.16781373,0.0
3303955,0.73016703,0.0
3303955,0.7611859,0.0
3303955,1.6756366,0.0
3303955,0.0,0.0
3303955,0.0,0.0
3303955,0.85083175,0.0
3303955,0.97115403,0.0
3303955,0.392966,0.0
3303955,0.0,0.0
3303955,0.0,0.0
3303955,0.0,0.0
3303955,0.021273684,0.0
3304003,0.5916479,5.0
3304003,1.7972268,0.0
3304003,1.679562,1.0
3304003,3.846322,6.0
3304003,2.2387922,4.0
3304003,1.0309942,2.0
3304003,3.2532032,1.0
3304003,2.4850254,6.0
3304003,2.1136208,6.0
3304003,1.089402,7.0
3304003,3.9785614,13.0
3304003,4.3999085,5.0
3304003,4.318687,8.0
3304003,6.8378124,9.0
3304003,3.529618,7.0
3304003,2.1129837,10.0
3304003,4.6736474,9.0
3304003,5.6101584,10.0
3304003,5.5672703,3.0
3304003,4.187591,2.0
3304003,2.4457397,2.0
3304003,4.0420647,5.0
3304003,1.9321511,1.0
3304003,1.4790248,1.0
3304003,2.5011067,2.0
3304003,1.0195975,1.0
3304003,0.111125864,5.0
3304003,0.592689,3.0
3304003,0.6464669,0.0
3304003,2.2310116,0.0
3304003,2.0472407,1.0
3304003,0.6587676,0.0
3304003,0.0,0.0
3304003,0.0,1.0
3304003,0.8259093,0.0
3304003,0.79174674,1.0
3304003,1.9731215,0.0
3304003,1.3398919,0.0
3304003,2.939155,0.0
3304003,0.40859616,1.0
3304003,0.0,1.0
3304003,1.4869285,1.0
3304003,2.2238066,6.0
3304003,1.8865508,1.0
3304003,0.30552635,1.0
3304003,4.9314966,1.0
3304003,0.92239726,0.0
3304003,1.5183651,0.0
3304102,0.0,0.0
3304102,0.0,4.0
3304102,0.5585838,2.0
3304102,2.1717846,0.0
3304102,4.5579576,0.0
3304102,3.1345272,0.0
3304102,0.4109753,0.0
3304102,0.0,1.0
3304102,0.0041752886,0.0
3304102,0.0,1.0
3304102,1.0745834,4.0
3304102,0.81425494,1.0
3304102,0.19310005,4.0
3304102,1.3577737,2.0
3304102,0.14216785,0.0
3304102,0.0,2.0
3304102,1.5880489,0.0
3304102,1.4254413,0.0
3304102,0.9837116,1.0
3304102,0.0,1.0
3304102,0.0,0.0
3304102,1.0468315,0.0
3304102,0.6332373,0.0
3304102,0.0,0.0
3304102,0.0,0.0
3304102,0.0,0.0
3304102,0.0,0.0
3304102,0.0,0.0
3304102,0.0,0.0
3304102,0.0,4.0
3304102,0.0,3.0
3304102,0.0,0.0
3304102,0.40724948,1.0
3304102,0.62710065,0.0
3304102,0.0,0.0
3304102,0.5438449,1.0
3304102,0.75946337,0.0
3304102,0.16505703,0.0
3304102,1.6563568,0.0
3304102,0.2972828,0.0
3304102,0.3754909,0.0
3304102,0.51882565,1.0
3304102,0.8384317,0.0
3304102,1.139758,0.0
3304102,0.0,3.0
3304102,0.0,0.0
3304102,0.0,0.0
3304102,2.07705,0.0
3304110,0.0,0.0
3304110,0.6047217,0.0
3304110,0.0,1.0
3304110,0.0,0.0
3304110,0.37955576,1.0
3304110,1.4774692,0.0
3304110,1.0064261,5.0
3304110,1.0983115,7.0
3304110,1.2571249,2.0
3304110,1.9460467,0.0
3304110,4.3223844,4.0
3304110,3.4285834,7.0
3304110,1.548503,4.0
3304110,2.7346704,0.0
3304110,2.4432049,1.0
3304110,1.7892606,3.0
3304110,1.7523723,1.0
3304110,1.7647414,3.0
3304110,2.0654101,0.0
3304110,0.7839723,0.0
3304110,0.0,0.0
3304110,1.6698698,0.0
3304110,0.0,0.0
3304110,0.0,0.0
3304110,0.0,0.0
3304110,0.0,1.0
3304110,0.0,0.0
3304110,0.0,0.0
3304110,0.0,0.0
3304110,0.0,0.0
3304110,0.0,0.0
3304110,0.0,0.0
3304110,0.0,0.0
3304110,0.0,0.0
3304110,0.0,0.0
3304110,0.5275478,0.0
3304110,0.75923395,0.0
3304110,1.7314967,0.0
3304110,2.2516055,0.0
3304110,0.4135813,0.0
3304110,0.4572639,0.0
3304110,1.1036675,0.0
3304110,0.931574,0.0
3304110,1.0973185,0.0
3304110,0.3474342,0.0
3304110,0.0,0.0
3304110,0.0,0.0
3304110,0.27810916,0.0
3304128,0.0,0.0
3304128,0.0,0.0
3304128,0.0,0.0
3304128,0.0,2.0
3304128,0.0,1.0
3304128,0.0,1.0
3304128,0.45507565,0.0
3304128,0.30124834,1.0
3304128,0.59102726,2.0
3304128,0.104615085,1.0
3304128,1.972172,1.0
3304128,2.1653876,1.0
3304128,1.6184788,2.0
3304128,2.3943512,1.0
3304128,1.5583502,2.0
3304128,0.0,1.0
3304128,1.2955235,0.0
3304128,2.101987,3.0
3304128,2.3210025,0.0
3304128,0.27185264,0.0
3304128,0.0,1.0
3304128,1.8137422,0.0
3304128,0.0,0.0
3304128,0.0,0.0
3304128,0.0,0.0
3304128,0.0,1.0
3304128,0.0,0.0
3304128,0.0,0.0
3304128,0.0,0.0
3304128,0.0,0.0
3304128,0.0,0.0
3304128,0.0,0.0
3304128,0.0,0.0
3304128,0.0,0.0
3304128,0.0,0.0
3304128,0.26481193,0.0
3304128,0.58730143,0.0
3304128,1.2549778,0.0
3304128,2.0485857,0.0
3304128,0.21950616,0.0
3304128,0.26814738,0.0
3304128,1.1872075,0.0
3304128,0.62757325,0.0
3304128,0.6777486,0.0
3304128,0.0,0.0
3304128,0.0,0.0
3304128,0.0,0.0
3304128,0.09745109,1.0
3304144,0.7814408,0.0
3304144,0.0,0.0
3304144,0.0,0.0
3304144,1.5982461,0.0
3304144,2.3196318,0.0
3304144,1.1196692,0.0
3304144,0.52490664,0.0
3304144,0.06749294,0.0
3304144,0.8255891,0.0
3304144,0.2458258,0.0
3304144,1.4651369,1.0
3304144,1.4174819,0.0
3304144,0.4742039,0.0
3304144,1.8778886,0.0
3304144,0.0,1.0
3304144,0.0,1.0
3304144,0.23551129,1.0
3304144,1.854835,0.0
3304144,1.6228476,1.0
3304144,0.0,0.0
3304144,0.0,1.0
3304144,0.6579132,1.0
3304144,0.051206145,1.0
3304144,0.24703121,0.0
3304144,0.46586874,0.0
3304144,0.0,0.0
3304144,0.0,0.0
3304144,0.0,0.0
3304144,0.0,1.0
3304144,0.0,1.0
3304144,0.0,0.0
3304144,0.06983528,0.0
3304144,0.22511458,0.0
3304144,0.0,0.0
3304144,0.19659558,1.0
3304144,0.38351703,1.0
3304144,0.84445107,0.0
3304144,1.7646344,0.0
3304144,2.9172778,0.0
3304144,0.053877234,0.0
3304144,0.0,0.0
3304144,0.67941886,0.0
3304144,0.86224467,0.0
3304144,0.28441277,1.0
3304144,0.0,0.0
3304144,0.0,0.0
3304144,0.0,0.0
3304144,0.40852937,0.0
3304151,2.3002255,0.0
3304151,0.0,0.0
3304151,3.0752795,0.0
3304151,4.0691714,0.0
3304151,4.9232073,0.0
3304151,3.9342744,0.0
3304151,1.3896444,0.0
3304151,0.0,0.0
3304151,0.6624369,0.0
3304151,0.0,0.0
3304151,0.515349,0.0
3304151,0.43228835,0.0
3304151,0.0,0.0
3304151,0.070468806,0.0
3304151,0.0,0.0
3304151,0.0,0.0
3304151,0.0,0.0
3304151,0.42172387,0.0
3304151,0.27485505,0.0
3304151,0.0,0.0
3304151,0.0,0.0
3304151,0.5367588,0.0
3304151,0.0,0.0
3304151,0.0,0.0
3304151,0.0,0.0
3304151,0.0,0.0
3304151,0.0,0.0
3304151,0.0,0.0
3304151,0.0,0.0
3304151,0.0,0.0
3304151,0.0,0.0
3304151,0.0,0.0
3304151,0.0,0.0
3304151,0.0,0.0
3304151,0.0,0.0
3304151,0.0,0.0
3304151,0.0,0.0
3304151,0.0,0.0
3304151,0.23804882,0.0
3304151,0.0,1.0
3304151,0.0,0.0
3304151,0.0,0.0
3304151,0.89687634,0.0
3304151,0.7036813,0.0
3304151,0.0,0.0
3304151,0.0,0.0
3304151,0.0,0.0
3304151,0.0,0.0
3304201,1.9477556,5.0
3304201,1.5925967,1.0
3304201,0.7350537,6.0
3304201,3.7856839,2.0
3304201,2.2952986,11.0
3304201,5.3110266,6.0
3304201,3.36157,7.0
3304201,7.8360686,9.0
3304201,6.641092,11.0
3304201,6.1583095,12.0
3304201,8.554222,21.0
3304201,9.965132,9.0
3304201,9.8442135,8.0
3304201,15.463708,12.0
3304201,8.629016,8.0
3304201,5.382769,7.0
3304201,8.078604,27.0
3304201,8.130957,21.0
3304201,7.1369557,19.0
3304201,14.236436,12.0
3304201,13.279556,11.0
3304201,13.657755,19.0
3304201,8.361109,14.0
3304201,7.0765753,11.0
3304201,11.3559065,14.0
3304201,9.547675,15.000000000000002
3304201,7.1773915,12.0
3304201,10.011157,19.0
3304201,11.857688,12.0
3304201,10.385603,20.0
3304201,14.197507,19.0
3304201,11.621591,6.0
3304201,17.09324,3.0
3304201,19.36761,8.0
3304201,10.632165,2.0
3304201,4.907514,3.0
3304201,9.065098,0.0
3304201,6.7376003,0.0
3304201,6.501805,3.0
3304201,2.5191221,3.0
3304201,1.6154516,22.0
3304201,5.1713147,4.0
3304201,5.274494,3.0
3304201,21.563766,11.0
3304201,12.24442,27.0
3304201,4.059176,7.0
3304201,10.553183,7.0
3304201,27.618647,16.0
3304300,0.0,0.0
3304300,0.0,0.0
3304300,0.5521732,0.0
3304300,1.8672531,0.0
3304300,2.6618953,0.0
3304300,0.8901824,0.0
3304300,0.014969228,0.0
3304300,0.0,0.0
3304300,0.25150442,0.0
3304300,0.0,0.0
3304300,0.3669229,0.0
3304300,0.44035727,0.0
3304300,0.08884196,0.0
3304300,0.40913123,0.0
3304300,0.0,0.0
3304300,0.0,0.0
3304300,0.3525675,0.0
3304300,1.3513767,0.0
3304300,0.784736,0.0
3304300,0.0,0.0
3304300,0.0,1.0
3304300,0.7826539,1.0
3304300,0.3615533,0.0
3304300,0.6664958,1.0
3304300,0.67271465,0.0
3304300,0.0,0.0
3304300,0.0,0.0
3304300,0.0,0.0
3304300,0.0,0.0
3304300,0.0,0.0
3304300,0.0,0.0
3304300,0.0,0.0
3304300,0.0,0.0
3304300,0.0,0.0
3304300,0.0,0.0
3304300,0.0,0.0
3304300,0.13068902,0.0
3304300,0.038022783,0.0
3304300,1.0502319,0.0
3304300,0.0,0.0
3304300,0.0,0.0
3304300,0.60808796,0.0
3304300,0.5033539,0.0
3304300,0.4806291,0.0
3304300,0.0,0.0
3304300,0.0,0.0
3304300,0.0,0.0
3304300,0.0,0.0
3304409,0.0,0.0
3304409,0.0,0.0
3304409,0.0,0.0
3304409,0.0,0.0
3304409,0.40249974,0.0
3304409,0.0,0.0
3304409,0.0,1.0
3304409,0.0,0.0
3304409,0.08536612,0.0
3304409,0.0588744,0.0
3304409,1.2412354,0.0
3304409,1.0043988,0.0
3304409,0.45137382,0.0
3304409,1.0119532,0.0
3304409,0.0,0.0
3304409,0.0,0.0
3304409,0.48882383,0.0
3304409,1.5767653,0.0
3304409,1.1673627,0.0
3304409,0.0,0.0
3304409,0.0,0.0
3304409,0.25817874,0.0
3304409,0.16440296,0.0
3304409,0.015917808,0.0
3304409,0.0,0.0
3304409,0.0,0.0
3304409,0.0,0.0
3304409,0.0,0.0
3304409,0.0,0.0
3304409,0.0,0.0
3304409,0.0,0.0
3304409,0.0,0.0
3304409,0.0,0.0
3304409,0.0,0.0
3304409,0.0,0.0
3304409,0.0,1.0
3304409,0.20856497,0.0
3304409,0.0,0.0
3304409,1.8741602,0.0
3304409,0.0,0.0
3304409,0.0,0.0
3304409,0.53641033,0.0
3304409,0.4086364,0.0
3304409,0.0,0.0
3304409,0.0,0.0
3304409,0.0,0.0
3304409,0.0,0.0
3304409,0.0,1.0
3304508,0.0,0.0
3304508,0.0,0.0
3304508,0.0,0.0
3304508,0.12138901,0.0
3304508,0.69826204,0.0
3304508,0.0,0.0
3304508,0.0,0.0
3304508,0.0,0.0
3304508,0.1734958,0.0
3304508,0.0,0.0
3304508,0.91689414,0.0
3304508,0.8506511,0.0
3304508,0.31759077,0.0
3304508,0.87776953,0.0
3304508,0.0,0.0
3304508,0.0,0.0
3304508,0.38186812,0.0
3304508,1.3150233,0.0
3304508,0.83022755,0.0
3304508,0.0,0.0
3304508,0.0,0.0
3304508,0.26932624,0.0
3304508,0.0,0.0
3304508,0.06087172,0.0
3304508,0.0,0.0
3304508,0.0,0.0
3304508,0.0,0.0
3304508,0.0,0.0
3304508,0.0,0.0
3304508,0.0,0.0
3304508,0.0,0.0
3304508,0.0,0.0
3304508,0.0,0.0
3304508,0.0,0.0
3304508,0.0,0.0
3304508,0.022134082,0.0
3304508,0.91097665,0.0
3304508,0.9496732,0.0
3304508,1.7544929,0.0
3304508,0.064659186,0.0
3304508,0.0,0.0
3304508,1.1005965,0.0
3304508,1.2709572,0.0
3304508,1.2342194,0.0
3304508,0.0,0.0
3304508,0.0,0.0
3304508,0.0,0.0
3304508,0.0,0.0
3304524,2.215908,2.0
3304524,0.0,1.0
3304524,2.653364,1.0
3304524,4.914338,3.0
3304524,5.493978,1.0
3304524,3.8314922,0.0
3304524,3.0639172,2.0
3304524,1.7119352,2.0
3304524,1.5268493,3.0
3304524,1.4778109,1.0
3304524,2.3030815,2.0
3304524,2.851819,0.0
3304524,1.1527632,1.0
3304524,1.8931686,1.0
3304524,0.0,1.0
3304524,0.0,2.0
3304524,1.0461217,4.0
3304524,2.2304003,0.0
3304524,1.7957389,0.0
3304524,0.72524863,2.0
3304524,0.0,2.0
3304524,0.63051397,0.0
3304524,0.8572141,5.0
3304524,0.0,1.0
3304524,0.0,2.0
3304524,1.5133979,3.0
3304524,0.54703903,0.0
3304524,0.66278625,3.0
3304524,1.6221044,5.0
3304524,0.0,1.0
3304524,0.9937547,4.0
3304524,3.3889408,3.0
3304524,0.94663393,1.0
3304524,1.7207018,1.0
3304524,3.1573915,2.0
3304524,1.393651,0.0
3304524,1.4529355,0.0
3304524,1.6122009,6.0
3304524,1.357009,0.0
3304524,0.0,1.0
3304524,4.158663,1.0
3304524,2.7184975,0.0
3304524,1.4189646,1.0
3304524,2.0679023,1.0
3304524,0.0,0.0
3304524,0.11350074,0.0
3304524,0.16790876,2.0
3304524,0.47191978,0.0
3304557,35.00673,15.000000000000002
3304557,28.753448,24.0
3304557,23.845795,19.0
3304557,24.142628,27.0
3304557,31.58839,36.0
3304557,28.292732,39.0
3304557,28.996695,45.0
3304557,35.38205,52.0
3304557,38.918476,48.0
3304557,41.913315,36.0
3304557,42.514935,38.0
3304557,41.07269,30.000000000000004
3304557,31.863829,39.0
3304557,32.107986,50.0
3304557,23.607698,49.0
3304557,28.662138,40.0
3304557,36.942596,34.0
3304557,39.055878,33.0
3304557,32.812325,21.0
3304557,25.290264,28.0
3304557,24.873192,22.0
3304557,20.43217,19.0
3304557,22.989676,19.0
3304557,21.293055,7.0
3304557,19.891323,12.0
3304557,19.072681,9.0
3304557,11.85548,9.0
3304557,14.652153,16.0
3304557,14.80398,17.0
3304557,14.318417,12.0
3304557,18.91795,9.0
3304557,21.899927,6.0
3304557,20.550547,14.0
3304557,17.50389,4.0
3304557,14.981286,9.0
3304557,20.359653,3.0
3304557,16.94151,6.0
3304557,17.79034,6.0
3304557,15.180114,5.0
3304557,13.847489,20.0
3304557,14.24366,24.0
3304557,15.500696,23.0
3304557,28.508598,16.0
3304557,38.0015,6.0
3304557,35.822052,4.0
3304557,30.595596,4.0
3304557,17.699879,21.0
3304557,13.52213,14.0
3304607,0.0,0.0
3304607,0.0,0.0
3304607,1.3887702,0.0
3304607,2.16303,0.0
3304607,2.9224684,0.0
3304607,1.0567334,0.0
3304607,0.0,0.0
3304607,0.0,0.0
3304607,0.0,0.0
3304607,0.0,0.0
3304607,0.56977326,0.0
3304607,0.43832827,0.0
3304607,0.0,0.0
3304607,0.28083503,0.0
3304607,0.0,0.0
3304607,0.0,0.0
3304607,0.6194692,0.0
3304607,1.1657822,0.0
3304607,0.88312626,0.0
3304607,0.0,0.0
3304607,0.0,0.0
3304607,0.9316442,0.0
3304607,0.52572083,0.0
3304607,0.0,0.0
3304607,0.0,0.0
3304607,0.0,0.0
3304607,0.0,0.0
3304607,0.0,0.0
3304607,0.0,0.0
3304607,0.0,0.0
3304607,0.0,0.0
3304607,0.0,0.0
3304607,0.0,0.0
3304607,0.0,0.0
3304607,0.0,0.0
3304607,0.0,0.0
3304607,0.0,0.0
3304607,0.0,0.0
3304607,0.04847256,0.0
3304607,0.0,0.0
3304607,0.0,0.0
3304607,0.0,0.0
3304607,0.012460802,0.0
3304607,0.4270823,0.0
3304607,0.0,0.0
3304607,0.0,0.0
3304607,0.0,0.0
3304607,0.0,0.0
3304706,0.18332146,0.0
3304706,0.0,0.0
3304706,0.9764568,0.0
3304706,2.4824305,0.0
3304706,3.1243412,0.0
3304706,1.5743151,0.0
3304706,0.26553622,0.0
3304706,0.0,0.0
3304706,0.22614108,0.0
3304706,0.0,1.0
3304706,0.55367136,0.0
3304706,0.5074889,0.0
3304706,0.29835635,1.0
3304706,0.49029636,0.0
3304706,0.0,0.0
3304706,0.0,1.0
3304706,0.43563664,0.0
3304706,0.83334124,0.0
3304706,0.97286797,0.0
3304706,0.0,1.0
3304706,0.0,0.0
3304706,0.71255326,0.0
3304706,0.11669491,0.0
3304706,0.0,0.0
3304706,0.0,1.0
3304706,0.0,0.0
3304706,0.0,2.0
3304706,0.0,0.0
3304706,0.2817819,0.0
3304706,0.48746946,0.0
3304706,0.0,0.0
3304706,0.0,0.0
3304706,0.0,0.0
3304706,0.0,0.0
3304706,0.0,0.0
3304706,0.30032885,0.0
3304706,0.7665503,0.0
3304706,0.5160296,3.0
3304706,1.2334054,0.0
3304706,0.38056427,0.0
3304706,2.8104677,2.0
3304706,1.3314925,4.0
3304706,0.8530114,2.0
3304706,2.7819486,4.0
3304706,2.5500844,0.0
3304706,1.8144665,0.0
3304706,2.7934,0.0
3304706,0.82676625,3.0
3304755,2.3306108,0.0
3304755,0.19168489,0.0
3304755,3.0596948,0.0
3304755,4.185662,0.0
3304755,5.017918,0.0
3304755,4.2170844,0.0
3304755,1.4858618,0.0
3304755,0.0,0.0
3304755,0.6053475,0.0
3304755,0.0,0.0
3304755,0.9416308,0.0
3304755,0.71050966,0.0
3304755,0.0,0.0
3304755,0.31654802,0.0
3304755,0.0,0.0
3304755,0.0,0.0
3304755,0.0,0.0
3304755,0.507887,0.0
3304755,0.3695931,0.0
3304755,0.0,0.0
3304755,0.0,0.0
3304755,0.6245931,0.0
3304755,0.0,0.0
3304755,0.0,0.0
3304755,0.0,0.0
3304755,0.0,0.0
3304755,0.0,0.0
3304755,0.0,0.0
3304755,0.20236924,0.0
3304755,0.0,0.0
3304755,0.0,0.0
3304755,0.0,0.0
3304755,0.0,0.0
3304755,0.0,0.0
3304755,0.0,0.0
3304755,0.0,0.0
3304755,0.31808904,0.0
3304755,0.039569788,0.0
3304755,0.7029724,0.0
3304755,0.0,0.0
3304755,0.07778691,0.0
3304755,0.0,0.0
3304755,0.6734603,0.0
3304755,0.9096873,0.0
3304755,0.0,0.0
3304755,0.0,0.0
3304755,0.0,0.0
3304755,0.0,0.0
3304805,0.369558,0.0
3304805,0.0,0.0
3304805,2.0397146,0.0
3304805,3.1275465,0.0
3304805,3.7702515,0.0
3304805,2.2536757,0.0
3304805,0.40615878,0.0
3304805,0.0,0.0
3304805,0.113297835,0.0
3304805,0.0,0.0
3304805,0.69593084,0.0
3304805,0.55969846,0.0
3304805,0.0,0.0
3304805,0.33735427,0.0
3304805,0.0,0.0
3304805,0.0,0.0
3304805,0.46323788,0.0
3304805,1.0100167,0.0
3304805,0.75813985,1.0
3304805,0.0,0.0
3304805,0.0,0.0
3304805,1.1755694,0.0
3304805,0.15406276,0.0
3304805,0.0,0.0
3304805,0.0,1.0
3304805,0.0,0.0
3304805,0.0,0.0
3304805,0.0,0.0
3304805,0.0,0.0
3304805,0.0,0.0
3304805,0.0,0.0
3304805,0.0,0.0
3304805,0.0,0.0
3304805,0.0,0.0
3304805,0.0,0.0
3304805,0.0,0.0
3304805,0.44408825,0.0
3304805,0.0,0.0
3304805,0.69123244,0.0
3304805,0.0,0.0
3304805,0.0,0.0
3304805,0.15901455,0.0
3304805,0.35386023,0.0
3304805,0.6358724,0.0
3304805,0.0,0.0
3304805,0.0,0.0
3304805,0.0,0.0
3304805,0.0,0.0
3304904,6.2942986,0.0
3304904,3.5012987,4.0
3304904,7.795095,1.0
3304904,5.96144,6.0
3304904,8.856079,3.0
3304904,6.224878,9.0
3304904,7.408047,3.0
3304904,5.8375835,0.0
3304904,9.4566765,1.0
3304904,5.4824247,4.0
3304904,2.844512,1.0
3304904,3.2702632,0.0
3304904,4.605369,0.0
3304904,4.109985,1.0
3304904,1.491989,1.0
3304904,0.75309044,3.0
3304904,2.6799045,0.0
3304904,3.8124874,1.0
3304904,4.472178,1.0
3304904,1.4639562,2.0
3304904,0.871632,2.0
3304904,2.7915833,1.0
3304904,2.785666,2.0
3304904,3.2040818,2.0
3304904,2.5972924,1.0
3304904,2.0733755,1.0
3304904,1.9720111,2.0
3304904,1.9803394,5.0
3304904,2.3496346,3.0
3304904,2.5570755,1.0
3304904,4.3725944,2.0
3304904,4.2789555,0.0
3304904,2.7976105,0.0
3304904,3.463684,0.0
3304904,2.6989036,1.0
3304904,2.1285505,1.0
3304904,2.603936,0.0
3304904,3.7288206,0.0
3304904,4.78451,1.0
3304904,2.2827477,1.0
3304904,1.3915834,0.0
3304904,3.5513985,0.0
3304904,4.354417,0.0
3304904,3.4761493,1.0
3304904,0.4764067,0.0
3304904,0.96110666,0.0
3304904,1.5334046,1.0
3304904,2.5522537,2.0
3305000,2.8388205,0.0
3305000,0.28909487,0.0
3305000,3.1434069,0.0
3305000,4.2402244,0.0
3305000,5.1601477,0.0
3305000,4.5812473,0.0
3305000,1.6928412,0.0
3305000,0.0,0.0
3305000,0.7438512,0.0
3305000,0.0,0.0
3305000,0.70758605,0.0
3305000,0.4790504,0.0
3305000,0.0,0.0
3305000,0.089352205,0.0
3305000,0.0,0.0
3305000,0.0,0.0
3305000,0.0,0.0
3305000,0.19704504,0.0
3305000,0.09620115,0.0
3305000,0.0,0.0
3305000,0.0,0.0
3305000,0.40385583,0.0
3305000,0.0,0.0
3305000,0.0,0.0
3305000,0.0,0.0
3305000,0.0,0.0
3305000,0.0,0.0
3305000,0.0,0.0
3305000,0.021081913,0.0
3305000,0.0,0.0
3305000,0.0,0.0
3305000,0.0,0.0
3305000,0.0,0.0
3305000,0.0,0.0
3305000,0.0,0.0
3305000,0.0,0.0
3305000,0.0,0.0
3305000,0.0,0.0
3305000,0.25739795,0.0
3305000,0.0,0.0
3305000,0.0,0.0
3305000,0.0,0.0
3305000,0.2869991,0.0
3305000,0.573833,0.0
3305000,0.0,0.0
3305000,0.0,0.0
3305000,0.0,0.0
3305000,0.0,0.0
3305109,5.8902717,0.0
3305109,2.8176153,0.0
3305109,2.1717873,0.0
3305109,3.7640302,0.0
3305109,5.806441,0.0
3305109,5.2857018,0.0
3305109,3.3708184,0.0
3305109,2.4306636,0.0
3305109,2.4295678,0.0
3305109,1.6254741,0.0
3305109,1.4959195,1.0
3305109,1.2537613,0.0
3305109,0.14504014,0.0
3305109,1.8918022,0.0
3305109,0.0,0.0
3305109,0.0,0.0
3305109,0.0,0.0
3305109,0.2983538,0.0
3305109,0.29153225,3.0
3305109,0.0,1.0
3305109,0.0,1.0
3305109,1.950895,1.0
3305109,0.23060402,0.0
3305109,0.3885681,0.0
3305109,1.1934563,0.0
3305109,0.0,1.0
3305109,0.0,4.0
3305109,0.1949895,1.0
3305109,2.1585002,2.0
3305109,3.5279608,0.0
3305109,1.0255749,0.0
3305109,1.4767287,0.0
3305109,1.8979663,0.0
3305109,2.3476408,0.0
3305109,1.5611078,0.0
3305109,1.6373776,0.0
3305109,2.142638,0.0
3305109,2.8554215,0.0
3305109,2.706087,0.0
3305109,0.90380067,1.0
3305109,0.0,1.0
3305109,0.71929,0.0
3305109,2.852908,0.0
3305109,3.5237417,0.0
3305109,0.0,0.0
3305109,0.0,0.0
3305109,0.0,1.0
3305109,1.5230275,0.0
3305133,0.19000176,0.0
3305133,0.0,0.0
3305133,1.3988955,0.0
3305133,2.83438,0.0
3305133,3.438731,0.0
3305133,1.9236344,0.0
3305133,0.31015965,0.0
3305133,0.0,0.0
3305133,0.087897666,0.0
3305133,0.0,1.0
3305133,0.51777864,0.0
3305133,0.5008754,0.0
3305133,0.0,1.0
3305133,0.6654487,0.0
3305133,0.0,1.0
3305133,0.0,0.0
3305133,0.6715649,0.0
3305133,0.2000834,0.0
3305133,1.0234637,0.0
3305133,0.0,0.0
3305133,0.0,0.0
3305133,0.6803041,0.0
3305133,0.0,0.0
3305133,0.0,0.0
3305133,0.0,0.0
3305133,0.0,0.0
3305133,0.0,0.0
3305133,0.0,0.0
3305133,0.22071242,0.0
3305133,0.0,0.0
3305133,0.0,0.0
3305133,0.0,0.0
3305133,0.0,2.0
3305133,0.0,0.0
3305133,0.0,0.0
3305133,0.9086206,0.0
3305133,0.75556034,0.0
3305133,0.40751743,0.0
3305133,1.1932833,0.0
3305133,0.2495465,0.0
3305133,0.3795703,0.0
3305133,0.41351026,0.0
3305133,0.6297863,0.0
3305133,0.90027857,0.0
3305133,0.0,0.0
3305133,0.0,0.0
3305133,0.0,0.0
3305133,0.0,0.0
3305158,0.0,0.0
3305158,0.0,0.0
3305158,0.0,0.0
3305158,0.0015410129,0.0
3305158,0.54710066,0.0
3305158,0.0,0.0
3305158,0.0,0.0
3305158,0.0,1.0
3305158,0.050387695,0.0
3305158,0.0,0.0
3305158,1.261802,0.0
3305158,0.9588593,0.0
3305158,0.32616052,0.0
3305158,0.74207646,0.0
3305158,0.0,0.0
3305158,0.0,0.0
3305158,0.5000758,0.0
3305158,1.4293134,0.0
3305158,0.8941505,0.0
3305158,0.0,0.0
3305158,0.0,0.0
3305158,0.3160994,0.0
3305158,0.0,0.0
3305158,0.17314821,0.0
3305158,0.0,0.0
3305158,0.0,0.0
3305158,0.0,0.0
3305158,0.0,0.0
3305158,0.0,0.0
3305158,0.0,0.0
3305158,0.0,0.0
3305158,0.0,0.0
3305158,0.0,0.0
3305158,0.0,0.0
3305158,0.0,0.0
3305158,0.0,0.0
3305158,0.5161023,0.0
3305158,0.48614505,0.0
3305158,1.4473056,0.0
3305158,0.0,0.0
3305158,0.0,0.0
3305158,0.99896675,0.0
3305158,1.1514654,0.0
3305158,1.0410193,0.0
3305158,0.0,0.0
3305158,0.0,0.0
3305158,0.0,0.0
3305158,0.0,0.0
3305208,2.072354,3.0
3305208,0.0,2.0
3305208,4.8530536,1.0
3305208,6.0604954,0.0
3305208,5.976911,1.0
3305208,3.442609,4.0
3305208,0.7372206,3.0
3305208,0.7265088,3.0
3305208,3.3161228,2.0
3305208,2.0674229,1.0
3305208,2.2616043,3.0
3305208,1.6657254,1.0
3305208,0.93972677,1.0
3305208,1.5748878,1.0
3305208,0.088871926,2.0
3305208,0.0,6.0
3305208,0.92699116,4.0
3305208,2.0496705,9.0
3305208,3.722101,6.0
3305208,1.5487385,5.0
3305208,3.1453922,11.0
3305208,4.831822,9.0
3305208,3.0611775,12.0
3305208,5.174269,4.0
3305208,5.835631,2.0
3305208,6.7841816,5.0
3305208,2.9351845,1.0
3305208,0.6467049,0.0
3305208,2.1716092,0.0
3305208,0.44951004,0.0
3305208,0.0,0.0
3305208,0.0,0.0
3305208,0.0,0.0
3305208,0.0,0.0
3305208,0.0,0.0
3305208,0.0,0.0
3305208,0.48452187,0.0
3305208,0.11315144,0.0
3305208,1.1110909,0.0
3305208,0.0,0.0
3305208,0.0,0.0
3305208,1.3798023,1.0
3305208,0.7117151,0.0
3305208,0.6945242,0.0
3305208,0.0,0.0
3305208,0.0,0.0
3305208,0.0,2.0
3305208,0.0,1.0
3305307,0.05037999,0.0
3305307,0.0,0.0
3305307,1.125966,0.0
3305307,2.177964,0.0
3305307,2.9604151,0.0
3305307,1.235275,0.0
3305307,0.089747734,0.0
3305307,0.0,0.0
3305307,0.050955303,0.0
3305307,0.0,0.0
3305307,0.5204232,0.0
3305307,0.41722324,0.0
3305307,0.0,0.0
3305307,0.18362623,0.0
3305307,0.0,0.0
3305307,0.0,0.0
3305307,0.22219266,0.0
3305307,0.77456015,0.0
3305307,0.53684694,0.0
3305307,0.0,0.0
3305307,0.0,0.0
3305307,0.62714344,0.0
3305307,0.0,0.0
3305307,0.0,0.0
3305307,0.0,0.0
3305307,0.0,0.0
3305307,0.0,0.0
3305307,0.0,0.0
3305307,0.0,0.0
3305307,0.0,0.0
3305307,0.0,0.0
3305307,0.0,0.0
3305307,0.0,0.0
3305307,0.0,0.0
3305307,0.0,0.0
3305307,0.1290333,0.0
3305307,0.59146047,0.0
3305307,0.30995506,0.0
3305307,1.08191,0.0
3305307,0.24761595,0.0
3305307,0.3992927,0.0
3305307,0.42831853,0.0
3305307,0.6332116,0.0
3305307,0.91112816,0.0
3305307,0.0,0.0
3305307,0.0,0.0
3305307,0.0,0.0
3305307,0.0,0.0
3305406,0.0,0.0
3305406,0.0,0.0
3305406,0.0,0.0
3305406,0.24404764,3.0
3305406,0.83352274,0.0
3305406,0.0,0.0
3305406,0.6133976,7.0
3305406,0.0,5.0
3305406,0.11054798,1.0
3305406,1.6765733,6.0
3305406,2.9081233,4.0
3305406,1.4678721,6.0
3305406,1.3299755,4.0
3305406,2.498488,8.0
3305406,0.8373222,4.0
3305406,0.35653475,7.0
3305406,2.0845513,1.0
3305406,3.6533983,1.0
3305406,2.3671663,4.0
3305406,0.99071974,0.0
3305406,0.0,0.0
3305406,1.074496,0.0
3305406,0.89214975,0.0
3305406,0.10482226,0.0
3305406,0.0,0.0
3305406,0.0,0.0
3305406,0.0,0.0
3305406,0.0,0.0
3305406,0.0,0.0
3305406,0.0,0.0
3305406,0.0,0.0
3305406,0.0,0.0
3305406,0.0,0.0
3305406,0.0,0.0
3305406,0.0,0.0
3305406,0.2397739,0.0
3305406,0.8951359,0.0
3305406,0.988124,0.0
3305406,1.8425095,0.0
3305406,0.10604138,0.0
3305406,0.0,0.0
3305406,1.1772577,0.0
3305406,1.3867258,0.0
3305406,1.2238305,0.0
3305406,0.0,0.0
3305406,0.0,0.0
3305406,0.0,0.0
3305406,0.0,0.0
3305505,6.274252,2.0
3305505,2.887503,3.0
3305505,6.103275,2.0
3305505,6.332495,6.0
3305505,7.583332,9.0
3305505,5.668175,10.0
3305505,5.92638,3.0
3305505,7.647219,2.0
3305505,9.122975,8.0
3305505,4.279291,12.0
3305505,2.7488527,4.0
3305505,5.7386436,5.0
3305505,8.517531,5.0
3305505,4.9736834,3.0
3305505,2.8849893,1.0
3305505,2.917515,4.0
3305505,3.62034,0.0
3305505,3.1360648,3.0
3305505,3.8654776,3.0
3305505,0.83509284,2.0
3305505,1.1854028,3.0
3305505,4.089822,2.0
3305505,3.1285584,2.0
3305505,3.2684686,4.0
3305505,2.996867,3.0
3305505,2.3343546,2.0
3305505,3.1219833,2.0
3305505,2.9850867,3.0
3305505,2.3358889,3.0
3305505,1.8016162,0.0
3305505,2.2589066,0.0
3305505,2.9279118,3.0
3305505,0.83254504,8.0
3305505,0.095598444,6.0
3305505,3.348519,0.0
3305505,7.651027,0.0
3305505,9.028871,1.0
3305505,3.1551254,2.0
3305505,2.212368,2.0
3305505,1.2184935,0.0
3305505,2.2932882,2.0
3305505,4.9671855,15.000000000000002
3305505,2.3713388,19.0
3305505,3.4501987,0.0
3305505,12.136566,0.0
3305505,21.078302,1.0
3305505,5.716638,2.0
3305505,1.1209953,0.0
3305554,0.0,0.0
3305554,0.0,0.0
3305554,0.0,0.0
3305554,0.9804155,0.0
3305554,1.727389,0.0
3305554,0.8412175,0.0
3305554,0.4625256,0.0
3305554,0.0076733883,0.0
3305554,0.77664566,0.0
3305554,0.20459428,1.0
3305554,1.4425824,0.0
3305554,1.3573405,0.0
3305554,0.9322092,0.0
3305554,1.4329767,0.0
3305554,0.0,0.0
3305554,0.0,0.0
3305554,0.27237147,0.0
3305554,1.3962835,0.0
3305554,1.0142767,0.0
3305554,0.0,0.0
3305554,0.0,0.0
3305554,0.20147116,0.0
3305554,0.0,0.0
3305554,0.0,0.0
3305554,0.0,0.0
3305554,0.0,0.0
3305554,0.0,0.0
3305554,0.0,0.0
3305554,0.0,0.0
3305554,0.0,1.0
3305554,0.0,0.0
3305554,0.0,0.0
3305554,0.0,0.0
3305554,0.0,0.0
3305554,0.16410331,1.0
3305554,0.29510996,1.0
3305554,0.72029257,0.0
3305554,1.5392759,0.0
3305554,2.7307048,0.0
3305554,0.0,1.0
3305554,0.0,0.0
3305554,0.57587564,0.0
3305554,1.5025518,1.0
3305554,0.4587039,0.0
3305554,0.0,0.0
3305554,0.0,0.0
3305554,0.0,0.0
3305554,0.0,2.0
3305604,0.0,0.0
3305604,0.0,0.0
3305604,0.7372565,0.0
3305604,2.2123003,0.0
3305604,3.0039563,0.0
3305604,1.2001905,0.0
3305604,0.021048523,0.0
3305604,0.0,0.0
3305604,0.37563217,0.0
3305604,0.0,0.0
3305604,0.59594905,0.0
3305604,0.43357426,0.0
3305604,0.47850335,0.0
3305604,0.057803392,0.0
3305604,0.0,0.0
3305604,0.0,0.0
3305604,0.72813374,0.0
3305604,1.3007194,0.0
3305604,0.8809748,0.0
3305604,0.0,0.0
3305604,0.0,0.0
3305604,1.0998945,0.0
3305604,0.67293125,0.0
3305604,0.4090824,0.0
3305604,0.3304839,0.0
3305604,0.0,0.0
3305604,0.0,0.0
3305604,0.0,0.0
3305604,0.0,0.0
3305604,0.0,0.0
3305604,0.0,0.0
3305604,0.0,0.0
3305604,0.0,0.0
3305604,0.0,0.0
3305604,0.0,0.0
3305604,0.0,0.0
3305604,0.3357302,0.0
3305604,0.0,0.0
3305604,0.84490144,0.0
3305604,0.0,0.0
3305604,0.0,0.0
3305604,1.3339504,0.0
3305604,0.382577,0.0
3305604,0.500283,0.0
3305604,0.0,0.0
3305604,0.0,0.0
3305604,0.0,0.0
3305604,0.0,0.0
3305703,0.0,0.0
3305703,0.0,0.0
3305703,0.0,0.0
3305703,0.39388376,0.0
3305703,1.076121,0.0
3305703,0.0,0.0
3305703,0.0,0.0
3305703,0.0,0.0
3305703,0.33112,0.0
3305703,0.0,0.0
3305703,0.61535126,0.0
3305703,0.50193274,0.0
3305703,0.0,0.0
3305703,0.26737687,0.0
3305703,0.0,0.0
3305703,0.0,0.0
3305703,4.1949796e-05,0.0
3305703,1.1501718,0.0
3305703,0.26539752,0.0
3305703,0.0,0.0
3305703,0.0,0.0
3305703,0.21468793,0.0
3305703,0.0,0.0
3305703,0.0,0.0
3305703,0.0,0.0
3305703,0.0,0.0
3305703,0.0,0.0
3305703,0.0,0.0
3305703,0.0,0.0
3305703,0.0,0.0
3305703,0.0,0.0
3305703,0.0,0.0
3305703,0.0,0.0
3305703,0.0,0.0
3305703,0.0,0.0
3305703,0.0,0.0
3305703,0.0,0.0
3305703,0.0,0.0
3305703,0.40417087,0.0
3305703,0.0,0.0
3305703,0.0,0.0
3305703,0.2732875,0.0
3305703,0.005575898,0.0
3305703,0.42626557,0.0
3305703,0.0,0.0
3305703,0.0,0.0
3305703,0.0,0.0
3305703,0.0,0.0
3305752,0.0,0.0
3305752,0.0,0.0
3305752,0.7861503,0.0
3305752,2.373106,0.0
3305752,3.128024,0.0
3305752,1.3154368,0.0
3305752,0.3429961,0.0
3305752,0.0,0.0
3305752,0.58407897,0.0
3305752,0.0,0.0
3305752,1.012056,0.0
3305752,0.9384298,0.0
3305752,0.45540097,0.0
3305752,0.91763467,0.0
3305752,0.0,0.0
3305752,0.0,0.0
3305752,0.5982563,0.0
3305752,1.5247133,0.0
3305752,0.9769619,0.0
3305752,0.0,0.0
3305752,0.0,0.0
3305752,0.42726552,0.0
3305752,0.0,0.0
3305752,0.18459365,1.0
3305752,0.0,0.0
3305752,0.0,0.0
3305752,0.0,0.0
3305752,0.0,0.0
3305752,0.0,0.0
3305752,0.0,0.0
3305752,0.0,0.0
3305752,0.0,0.0
3305752,0.0,0.0
3305752,0.0,0.0
3305752,0.09468069,0.0
3305752,0.0,0.0
3305752,0.42067683,0.0
3305752,0.28397188,0.0
3305752,1.3043141,0.0
3305752,0.0,0.0
3305752,0.0,0.0
3305752,0.8618311,0.0
3305752,0.8949801,0.0
3305752,0.84573615,0.0
3305752,0.0,1.0
3305752,0.0,0.0
3305752,0.0,0.0
3305752,0.68779945,0.0
3305802,0.0,0.0
3305802,0.0,1.0
3305802,0.0,0.0
3305802,0.61779463,0.0
3305802,1.6713817,0.0
3305802,0.0,0.0
3305802,0.0,0.0
3305802,0.0,0.0
3305802,0.11398616,0.0
3305802,0.0,0.0
3305802,0.86967146,0.0
3305802,0.7390758,1.0
3305802,0.32042024,0.0
3305802,0.7236862,0.0
3305802,0.25320125,0.0
3305802,0.0,0.0
3305802,0.4802404,0.0
3305802,1.3915337,0.0
3305802,0.8663566,0.0
3305802,0.0,0.0
3305802,0.0,0.0
3305802,0.3072634,0.0
3305802,0.0,0.0
3305802,0.2677039,1.0
3305802,0.0,0.0
3305802,0.0,0.0
3305802,0.0,0.0
3305802,0.0,0.0
3305802,0.0,0.0
3305802,0.0,0.0
3305802,0.0,0.0
3305802,0.0,0.0
3305802,0.0,0.0
3305802,0.0,0.0
3305802,0.0,0.0
3305802,0.0,0.0
3305802,0.3281664,0.0
3305802,0.13754652,0.0
3305802,1.1595497,0.0
3305802,0.0,1.0
3305802,0.0,0.0
3305802,0.72310406,0.0
3305802,1.5673325,0.0
3305802,1.0663184,0.0
3305802,0.0,0.0
3305802,0.0,0.0
3305802,0.0,1.0
3305802,0.0,0.0
3305901,0.0,0.0
3305901,0.0,0.0
3305901,0.97920924,0.0
3305901,1.5593698,0.0
3305901,2.3614361,0.0
3305901,0.5266583,0.0
3305901,0.0,0.0
3305901,0.0,0.0
3305901,0.1735814,0.0
3305901,0.0,0.0
3305901,0.4849071,0.0
3305901,0.35580447,0.0
3305901,0.0,0.0
3305901,0.22738673,0.0
3305901,0.0,0.0
3305901,0.0,0.0
3305901,0.18903263,0.0
3305901,1.3320122,0.0
3305901,0.403569,0.0
3305901,0.0,0.0
3305901,0.0,0.0
3305901,0.2989445,0.0
3305901,0.20711385,0.0
3305901,0.0,0.0
3305901,0.0,0.0
3305901,0.0,0.0
3305901,0.0,0.0
3305901,0.0,0.0
3305901,0.0,0.0
3305901,0.0,0.0
3305901,0.0,0.0
3305901,0.0,0.0
3305901,0.0,0.0
3305901,0.0,0.0
3305901,0.0,0.0
3305901,0.0,0.0
3305901,0.0,0.0
3305901,0.0,0.0
3305901,0.071056105,0.0
3305901,0.0,0.0
3305901,0.0,0.0
3305901,0.10839313,0.0
3305901,0.0,0.0
3305901,0.18037556,0.0
3305901,0.0,0.0
3305901,0.0,0.0
3305901,0.0,0.0
3305901,0.0,0.0
3306008,0.0,0.0
3306008,0.0,1.0
3306008,0.0,0.0
3306008,0.0,0.0
3306008,0.7315779,0.0
3306008,0.0,0.0
3306008,0.0,0.0
3306008,0.0,0.0
3306008,0.30297083,0.0
3306008,0.0,0.0
3306008,0.7997386,0.0
3306008,0.80936825,0.0
3306008,0.2693836,0.0
3306008,0.8842341,0.0
3306008,0.0,0.0
3306008,0.0,0.0
3306008,0.29742318,0.0
3306008,1.2414682,0.0
3306008,0.7729455,1.0
3306008,0.0,1.0
3306008,0.0,0.0
3306008,0.6859091,0.0
3306008,0.36926863,0.0
3306008,0.1537734,0.0
3306008,0.0,0.0
3306008,0.0,0.0
3306008,0.0,1.0
3306008,0.0,1.0
3306008,0.0,0.0
3306008,0.0,1.0
3306008,0.0,1.0
3306008,0.0,0.0
3306008,0.0,1.0
3306008,0.33033922,0.0
3306008,0.43485415,0.0
3306008,1.1565139,0.0
3306008,1.414363,0.0
3306008,1.1360081,1.0
3306008,1.8796462,0.0
3306008,0.084879845,1.0
3306008,0.45326412,1.0
3306008,1.4129932,0.0
3306008,2.029371,1.0
3306008,2.2118542,0.0
3306008,0.0,0.0
3306008,0.24828885,0.0
3306008,0.0,0.0
3306008,0.0,0.0
3306107,0.0,3.0
3306107,0.0,2.0
3306107,0.7680785,4.0
3306107,3.4387019,2.0
3306107,3.0635986,1.0
3306107,4.195154,4.0
3306107,1.9386182,3.0
3306107,2.4361258,1.0
3306107,5.686115,1.0
3306107,4.451743,3.0
3306107,4.661554,3.0
3306107,4.060819,0.0
3306107,3.666539,3.0
3306107,5.4913034,5.0
3306107,2.9183018,7.0
3306107,2.2954757,0.0
3306107,5.012206,3.0
3306107,6.5705066,1.0
3306107,2.7060838,4.0
3306107,1.7861333,0.0
3306107,1.0357627,1.0
3306107,3.051298,0.0
3306107,1.3873328,2.0
3306107,0.8375268,1.0
3306107,0.09573115,2.0
3306107,1.1544961,2.0
3306107,0.123428285,2.0
3306107,0.8713332,3.0
3306107,1.1687418,2.0
3306107,1.3554441,1.0
3306107,1.4724241,4.0
3306107,1.5534061,2.0
3306107,0.49461377,2.0
3306107,1.4876288,2.0
3306107,2.2929006,0.0
3306107,2.627403,1.0
3306107,4.1384726,0.0
3306107,3.920217,2.0
3306107,3.7148309,0.0
3306107,2.2171648,3.0
3306107,2.4319685,1.0
3306107,3.7853954,1.0
3306107,4.594393,1.0
3306107,3.3598566,0.0
3306107,0.73303926,1.0
3306107,2.4860134,0.0
3306107,1.3530607,1.0
3306107,1.1920283,2.0
3306156,0.0,0.0
3306156,0.0,0.0
3306156,0.7522617,0.0
3306156,2.235223,0.0
3306156,2.8772979,0.0
3306156,1.548849,0.0
3306156,0.056956694,0.0
3306156,0.0,0.0
3306156,0.0,0.0
3306156,0.0,0.0
3306156,0.61246103,0.0
3306156,0.4949468,0.0
3306156,0.0,0.0
3306156,0.27374125,0.0
3306156,0.0,0.0
3306156,0.0,0.0
3306156,0.27243823,0.0
3306156,0.8419281,0.0
3306156,0.63232297,0.0
3306156,0.0,0.0
3306156,0.0,0.0
3306156,0.744043,0.0
3306156,0.08117457,0.0
3306156,0.0,0.0
3306156,0.0,0.0
3306156,0.0,0.0
3306156,0.0,0.0
3306156,0.0,0.0
3306156,0.0,0.0
3306156,0.0,0.0
3306156,0.0,0.0
3306156,0.0,0.0
3306156,0.0,0.0
3306156,0.0,0.0
3306156,0.0,0.0
3306156,0.0,0.0
3306156,0.12977469,0.0
3306156,0.0,0.0
3306156,0.48219407,0.0
3306156,0.0,0.0
3306156,0.0,0.0
3306156,0.106851265,0.0
3306156,0.5492042,0.0
3306156,0.9041166,0.0
3306156,0.0,0.0
3306156,0.0,0.0
3306156,0.0,0.0
3306156,0.0,0.0
3306206,0.0,0.0
3306206,0.0,1.0
3306206,0.0,0.0
3306206,0.91422045,1.0
3306206,2.023421,0.0
3306206,0.26521432,3.0
3306206,0.3114036,1.0
3306206,0.0,3.0
3306206,1.7307792,0.0
3306206,0.64267343,3.0
3306206,2.3159807,0.0
3306206,1.2645577,1.0
3306206,1.4818816,0.0
3306206,1.4512223,2.0
3306206,0.021676058,0.0
3306206,0.0,0.0
3306206,1.1240996,1.0
3306206,1.8220757,0.0
3306206,0.9688203,0.0
3306206,0.0,0.0
3306206,0.0,1.0
3306206,0.43775296,0.0
3306206,0.0,0.0
3306206,0.47347707,1.0
3306206,0.124399975,0.0
3306206,0.0,1.0
3306206,0.0,0.0
3306206,0.0,0.0
3306206,0.07426569,0.0
3306206,0.0,0.0
3306206,0.0,0.0
3306206,0.0,2.0
3306206,0.0,0.0
3306206,0.0,0.0
3306206,1.0839647,1.0
3306206,0.88885194,1.0
3306206,1.3280475,0.0
3306206,2.1014442,0.0
3306206,3.2054052,0.0
3306206,0.769718,0.0
3306206,0.056389943,2.0
3306206,1.472026,0.0
3306206,1.4465069,0.0
3306206,2.9582336,0.0
3306206,0.0,0.0
3306206,0.0,0.0
3306206,0.0,0.0
3306206,0.0,2.0
3306305,2.2185159,2.0
3306305,2.888836,4.0
3306305,0.62243736,15.000000000000002
3306305,2.1953938,23.0
3306305,4.6109896,17.0
3306305,12.166145,18.0
3306305,17.957615,19.0
3306305,14.089069,20.0
3306305,13.961158,7.0
3306305,14.108383,1.0
3306305,14.080686,1.0
3306305,7.067406,0.0
3306305,1.3271494,1.0
3306305,1.7668364,1.0
3306305,0.056115128,2.0
3306305,0.0,0.0
3306305,1.5086362,2.0
3306305,3.1658072,1.0
3306305,1.8486453,0.0
3306305,1.0043894,2.0
3306305,0.0,1.0
3306305,0.9620081,1.0
3306305,1.471871,0.0
3306305,1.0317851,0.0
3306305,1.0552908,0.0
3306305,0.0,2.0
3306305,0.0,2.0
3306305,0.0,1.0
3306305,1.3431383,0.0
3306305,1.4946096,0.0
3306305,0.26700446,0.0
3306305,0.15775007,0.0
3306305,0.0,0.0
3306305,0.0,0.0
3306305,0.48636252,2.0
3306305,0.8819029,0.0
3306305,1.4534748,0.0
3306305,3.23831,0.0
3306305,3.1043448,0.0
3306305,0.42022908,0.0
3306305,0.009429287,0.0
3306305,1.4391332,0.0
3306305,1.6829556,1.0
3306305,1.1874892,0.0
3306305,0.0,0.0
3306305,0.79519516,1.0
3306305,0.0,0.0
3306305,0.6812287,0.0
